time_s,amcl_x,amcl_y,amcl_qz,amcl_qw,filtered_vx,filtered_wz,left_command_mps,right_command_mps,left_measured_mps,right_measured_mps,left_encoder_rps,right_encoder_rps,voltage
0.0,,,,,,,-0.0000,0.0000,-0.0000,0.0000,-0.0000,0.0000,0.0000
0.5,,,,,,,-0.0000,0.0000,-0.0000,0.0000,-0.0000,0.0000,0.0000
1.0,,,,,,,-0.0000,0.0000,-0.0000,0.0000,-0.0000,0.0000,0.0000
1.5,,,,,-0.0000,0.0000,-0.0000,0.0000,-0.0001,-0.0001,-0.0002,-0.0002,0.0000
2.0,,,,,-0.0000,0.0000,-0.0000,0.0000,-0.0000,0.0001,-0.0000,0.0002,0.0000
2.5,,,,,0.0000,0.0000,-0.0000,0.0000,-0.0000,0.0000,-0.0000,0.0000,0.0000
3.0,,,,,0.0001,0.0001,-0.0000,0.0000,-0.0000,0.0001,-0.0000,0.0002,0.0000
3.5,0.0000,0.0000,0.0000,1.0000,0.0000,0.0001,-0.0000,0.0000,-0.0000,-0.0001,-0.0000,-0.0002,0.0000
4.0,0.0000,0.0000,0.0000,1.0000,-0.0000,0.0001,-0.0000,0.0000,-0.0000,0.0000,-0.0000,0.0000,0.0000
4.5,0.0000,0.0000,0.0000,1.0000,0.0001,0.0000,-0.0000,0.0000,-0.0000,0.0001,-0.0000,0.0002,0.0000
5.0,0.0000,0.0000,0.0000,1.0000,0.0001,0.0001,-0.0000,0.0000,-0.0000,0.0001,-0.0000,0.0002,0.0000
5.5,0.0000,0.0000,0.0000,1.0000,0.0001,0.0001,-0.0000,0.0000,-0.0000,-0.0001,-0.0000,-0.0002,0.0000
6.0,0.0000,0.0000,0.0000,1.0000,-0.0001,0.0000,-0.0000,0.0000,-0.0000,-0.0001,-0.0000,-0.0002,0.0000
6.5,0.0000,0.0000,0.0000,1.0000,-0.0001,-0.0001,-0.0000,0.0000,-0.0000,-0.0001,-0.0000,-0.0002,0.0000
7.0,0.0000,0.0000,0.0000,1.0000,-0.0001,-0.0001,-0.0000,0.0000,-0.0000,-0.0001,-0.0000,-0.0002,0.0000
7.5,0.0000,0.0000,0.0000,1.0000,-0.0000,-0.0001,-0.0000,0.0000,0.0001,0.0000,0.0002,0.0000,0.0000
8.0,0.0000,0.0000,0.0000,1.0000,0.0001,-0.0001,-0.0000,0.0000,0.0001,0.0000,0.0002,0.0000,0.0000
8.5,0.0000,0.0000,0.0000,1.0000,-0.0002,-0.0003,-0.0000,0.0000,-0.0000,-0.0005,-0.0000,-0.0008,0.0000
9.0,0.0000,0.0000,0.0000,1.0000,-0.0003,-0.0004,-0.0000,0.0000,-0.0000,-0.0005,-0.0000,-0.0008,0.0000
9.5,0.0000,0.0000,0.0000,1.0000,-0.0002,-0.0005,-0.0000,0.0000,-0.0001,0.0000,-0.0002,0.0000,0.0000
10.0,0.0000,0.0000,0.0000,1.0000,-0.0001,-0.0003,-0.0000,0.0000,-0.0001,0.0000,-0.0002,0.0000,0.0000
10.5,0.0000,0.0000,0.0000,1.0000,0.0000,-0.0002,-0.0000,0.0000,-0.0003,0.0000,-0.0004,0.0000,0.0000
11.0,0.0000,0.0000,0.0000,1.0000,-0.0001,-0.0000,-0.0000,0.0000,-0.0000,0.0001,-0.0000,0.0002,0.0000
11.5,0.0000,0.0000,0.0000,1.0000,0.0001,0.0000,-0.0000,0.0000,-0.0000,0.0001,-0.0000,0.0002,0.0000
12.0,0.0000,0.0000,0.0000,1.0000,0.0000,0.0001,-0.0000,0.0000,-0.0000,-0.0001,-0.0000,-0.0002,0.0000
12.5,0.0000,0.0000,0.0000,1.0000,-0.0002,-0.0000,-0.0000,0.0000,-0.0001,-0.0003,-0.0002,-0.0004,0.0000
13.0,0.0000,0.0000,0.0000,1.0000,-0.0001,-0.0001,-0.0000,0.0000,0.0003,0.0000,0.0004,0.0000,0.0000
13.5,0.0000,0.0000,0.0000,1.0000,0.0001,-0.0002,-0.0000,0.0000,0.0003,0.0000,0.0004,0.0000,0.0000
14.0,0.0000,0.0000,0.0000,1.0000,0.0001,-0.0002,-0.0000,0.0000,0.0001,0.0000,0.0002,0.0000,0.0000
14.5,0.0000,0.0000,0.0000,1.0000,0.0001,-0.0002,-0.0000,0.0000,0.0001,0.0000,0.0002,0.0000,0.0000
15.0,0.0000,0.0000,0.0000,1.0000,0.0000,-0.0002,-0.0000,0.0000,-0.0000,0.0000,-0.0000,0.0000,0.0000
15.5,0.0000,0.0000,0.0000,1.0000,-0.0000,-0.0002,-0.0000,0.0000,-0.0004,-0.0003,-0.0006,-0.0004,0.0000
16.0,0.0000,0.0000,0.0000,1.0000,0.0000,-0.0001,-0.0000,0.0000,0.0001,0.0000,0.0002,0.0000,0.0000
16.5,0.0000,0.0000,0.0000,1.0000,0.0001,-0.0001,-0.0000,0.0000,0.0001,0.0000,0.0002,0.0000,0.0000
17.0,0.0000,0.0000,0.0000,1.0000,0.0001,-0.0002,-0.0000,0.0000,0.0001,0.0000,0.0002,0.0000,0.0000
17.5,0.0000,0.0000,0.0000,1.0000,0.0001,-0.0002,-0.0000,0.0000,0.0001,0.0000,0.0002,0.0000,0.0000
18.0,0.0000,0.0000,0.0000,1.0000,-0.0000,-0.0001,-0.0000,0.0000,-0.0000,0.0001,-0.0000,0.0002,0.0000
18.5,0.0000,0.0000,0.0000,1.0000,0.0001,-0.0000,-0.0000,0.0000,-0.0000,0.0001,-0.0000,0.0002,0.0000
19.0,0.0000,0.0000,0.0000,1.0000,-0.0000,0.0001,-0.0000,0.0000,-0.0003,0.0000,-0.0004,0.0000,0.0000
19.5,0.0000,0.0000,0.0000,1.0000,-0.0001,0.0002,-0.0000,0.0000,-0.0001,0.0000,-0.0002,0.0000,0.0000
20.0,0.0000,0.0000,0.0000,1.0000,-0.0001,0.0002,-0.0000,0.0000,-0.0001,0.0000,-0.0002,0.0000,0.0000
20.5,0.0000,0.0000,0.0000,1.0000,-0.0001,0.0002,-0.0000,0.0000,-0.0001,0.0000,-0.0002,0.0000,0.0000
21.0,0.0000,0.0000,0.0000,1.0000,-0.0001,0.0002,-0.0000,0.0000,-0.0001,0.0000,-0.0002,0.0000,0.0000
21.5,0.0000,0.0000,0.0000,1.0000,-0.0001,0.0002,-0.0000,0.0000,-0.0001,0.0000,-0.0002,0.0000,0.0000
22.0,0.0000,0.0000,0.0000,1.0000,-0.0000,0.0002,-0.0000,0.0000,-0.0000,0.0001,-0.0000,0.0002,0.0000
22.5,0.0000,0.0000,0.0000,1.0000,-0.0001,0.0001,-0.0000,0.0000,-0.0000,-0.0001,-0.0000,-0.0002,0.0000
23.0,0.0000,0.0000,0.0000,1.0000,0.0000,0.0001,-0.0000,0.0000,-0.0000,0.0000,-0.0000,0.0000,0.0000
23.5,0.0000,0.0000,0.0000,1.0000,-0.0000,0.0001,-0.0000,0.0000,-0.0001,0.0000,-0.0002,0.0000,0.0000
24.0,0.0000,0.0000,0.0000,1.0000,-0.0001,-0.0000,-0.0000,0.0000,-0.0000,-0.0003,-0.0000,-0.0004,0.0000
24.5,0.0000,0.0000,0.0000,1.0000,-0.0001,-0.0001,-0.0000,0.0000,0.0001,0.0000,0.0002,0.0000,0.0000
25.0,0.0000,0.0000,0.0000,1.0000,-0.0001,-0.0001,-0.0000,0.0000,-0.0000,0.0000,-0.0000,0.0000,0.0000
25.5,0.0000,0.0000,0.0000,1.0000,0.0000,-0.0000,-0.0000,0.0000,-0.0000,0.0000,-0.0000,0.0000,0.0000
26.0,0.0000,0.0000,0.0000,1.0000,0.0000,-0.0000,-0.0000,0.0000,-0.0000,0.0000,-0.0000,0.0000,0.0000
26.5,0.0000,0.0000,0.0000,1.0000,0.0001,-0.0001,-0.0000,0.0000,0.0001,0.0000,0.0002,0.0000,0.0000
27.0,0.0000,0.0000,0.0000,1.0000,0.0001,-0.0000,-0.0000,0.0000,-0.0000,0.0001,-0.0000,0.0002,0.0000
27.5,0.0000,0.0000,0.0000,1.0000,0.0000,0.0000,-0.0000,0.0000,-0.0000,0.0000,-0.0000,0.0000,0.0000
28.0,0.0000,0.0000,0.0000,1.0000,-0.0000,0.0000,-0.0000,0.0000,-0.0000,0.0000,-0.0000,0.0000,0.0000
28.5,0.0000,0.0000,0.0000,1.0000,-0.0000,0.0000,-0.0000,0.0000,-0.0004,0.0000,-0.0006,0.0000,0.0000
29.0,0.0000,0.0000,0.0000,1.0000,-0.0001,0.0001,-0.0000,0.0000,-0.0000,0.0001,-0.0000,0.0002,0.0000
29.5,0.0000,0.0000,0.0000,1.0000,0.0001,0.0001,-0.0000,0.0000,0.0001,0.0000,0.0002,0.0000,0.0000
30.0,0.0000,0.0000,0.0000,1.0000,-0.0001,0.0001,-0.0000,0.0000,-0.0001,0.0000,-0.0002,0.0000,0.0000
30.5,0.0000,0.0000,0.0000,1.0000,-0.0000,0.0001,-0.0000,0.0000,-0.0000,0.0001,-0.0000,0.0002,0.0000
31.0,0.0000,0.0000,0.0000,1.0000,0.0000,0.0001,-0.0000,0.0000,-0.0003,0.0000,-0.0004,0.0000,0.0000
31.5,0.0000,0.0000,0.0000,1.0000,-0.0001,0.0002,-0.0000,0.0000,-0.0001,-0.0001,-0.0002,-0.0002,0.0000
32.0,0.0000,0.0000,0.0000,1.0000,-0.0002,0.0001,-0.0000,0.0000,-0.0004,-0.0001,-0.0006,-0.0002,0.0000
32.5,0.0000,0.0000,0.0000,1.0000,0.0001,0.0001,-0.0000,0.0000,-0.0000,0.0001,-0.0000,0.0002,0.0000
33.0,17.8327,20.2859,0.0161,0.9999,0.0001,0.0001,-0.0000,0.0000,0.0003,0.0001,0.0004,0.0002,0.0000
33.5,17.8327,20.2859,0.0161,0.9999,-0.0000,0.0000,-0.0000,0.0000,-0.0001,-0.0004,-0.0002,-0.0006,0.0000
34.0,17.8327,20.2859,0.0161,0.9999,-0.0003,-0.0001,-0.0000,0.0000,-0.0001,-0.0004,-0.0002,-0.0006,0.0000
34.5,17.8327,20.2859,0.0161,0.9999,-0.0003,-0.0002,-0.0000,0.0000,-0.0001,-0.0004,-0.0002,-0.0006,0.0000
35.0,17.8327,20.2859,0.0161,0.9999,-0.0001,-0.0004,-0.0000,0.0000,0.0003,-0.0004,0.0004,-0.0006,0.0000
35.5,17.8327,20.2859,0.0161,0.9999,-0.0001,-0.0006,-0.0000,0.0000,0.0003,-0.0004,0.0004,-0.0006,0.0000
36.0,17.8327,20.2859,0.0161,0.9999,0.0001,-0.0004,-0.0000,0.0000,-0.0001,0.0003,-0.0002,0.0004,0.0000
36.5,17.9471,20.7083,-0.0056,1.0000,-0.0000,-0.0003,-0.0000,0.0000,-0.0000,-0.0001,-0.0000,-0.0002,0.0000
37.0,17.9471,20.7083,-0.0056,1.0000,-0.0000,-0.0003,-0.0000,0.0000,0.0001,-0.0001,0.0002,-0.0002,0.0000
37.5,17.9471,20.7083,-0.0056,1.0000,0.0000,-0.0003,-0.0000,0.0000,0.0001,0.0001,0.0002,0.0002,0.0000
38.0,17.9471,20.7083,-0.0056,1.0000,0.0002,-0.0002,-0.0000,0.0000,0.0001,0.0008,0.0002,0.0012,0.0000
38.5,17.9471,20.7083,-0.0056,1.0000,0.0005,0.0001,-0.0000,0.0000,0.0001,0.0008,0.0002,0.0012,0.0000
39.0,17.9471,20.7083,-0.0056,1.0000,0.0005,0.0004,-0.0000,0.0000,0.0001,0.0008,0.0002,0.0012,0.0000
39.5,17.9471,20.7083,-0.0056,1.0000,0.0005,0.0006,-0.0000,0.0000,0.0001,0.0008,0.0002,0.0012,0.0000
40.0,17.9471,20.7083,-0.0056,1.0000,0.0003,0.0006,-0.0000,0.0000,0.0004,0.0000,0.0006,0.0000,0.0000
40.5,17.9471,20.7083,-0.0056,1.0000,0.0001,0.0004,-0.0000,0.0000,0.0004,0.0001,0.0006,0.0002,0.0000
41.0,17.9471,20.7083,-0.0056,1.0000,-0.0001,0.0002,-0.0000,0.0000,-0.0000,-0.0003,-0.0000,-0.0004,0.0000
41.5,17.9471,20.7083,-0.0056,1.0000,-0.0000,0.0000,-0.0000,0.0000,0.0001,0.0000,0.0002,0.0000,0.0000
42.0,17.9471,20.7083,-0.0056,1.0000,0.0001,-0.0001,-0.0000,0.0000,0.0001,0.0000,0.0002,0.0000,0.0000
42.5,17.9867,20.8700,0.0188,0.9998,-0.0000,-0.0001,-0.0000,0.0000,-0.0000,0.0000,-0.0000,0.0000,0.0000
43.0,17.9867,20.8700,0.0188,0.9998,-0.0001,-0.0000,-0.0000,0.0000,-0.0001,0.0000,-0.0002,0.0000,0.0000
43.5,17.9867,20.8700,0.0188,0.9998,-0.0001,0.0000,-0.0000,0.0000,-0.0001,-0.0001,-0.0002,-0.0002,0.0000
44.0,17.9867,20.8700,0.0188,0.9998,-0.0001,0.0000,-0.0000,0.0000,-0.0001,-0.0001,-0.0002,-0.0002,0.0000
44.5,17.9867,20.8700,0.0188,0.9998,-0.0001,0.0000,-0.0000,0.0000,-0.0000,0.0000,-0.0000,0.0000,0.0000
45.0,17.9867,20.8700,0.0188,0.9998,-0.0000,0.0000,-0.0000,0.0000,-0.0001,0.0000,-0.0002,0.0000,0.0000
45.5,17.9867,20.8700,0.0188,0.9998,-0.0000,-0.0000,-0.0000,0.0000,-0.0000,-0.0003,-0.0000,-0.0004,0.0000
46.0,17.9867,20.8700,0.0188,0.9998,-0.0001,-0.0001,-0.0000,0.0000,0.0001,0.0000,0.0002,0.0000,0.0000
46.5,17.9867,20.8700,0.0188,0.9998,0.0000,-0.0001,-0.0000,0.0000,-0.0000,0.0000,-0.0000,0.0000,0.0000
47.0,17.9867,20.8700,0.0188,0.9998,-0.0000,-0.0001,-0.0000,0.0000,0.0001,0.0000,0.0002,0.0000,0.0000
47.5,17.9867,20.8700,0.0188,0.9998,0.0001,-0.0002,-0.0000,0.0000,0.0001,0.0000,0.0002,0.0000,0.0000
48.0,18.0232,20.9430,-0.0040,1.0000,0.0001,-0.0002,-0.0000,0.0000,0.0001,0.0000,0.0002,0.0000,0.0000
48.5,18.0232,20.9430,-0.0040,1.0000,-0.0000,-0.0001,-0.0000,0.0000,-0.0001,0.0000,-0.0002,0.0000,0.0000
49.0,18.0232,20.9430,-0.0040,1.0000,-0.0000,-0.0001,-0.0000,0.0000,-0.0000,0.0000,-0.0000,0.0000,0.0000
49.5,18.0232,20.9430,-0.0040,1.0000,0.0001,-0.0000,-0.0000,0.0000,-0.0000,0.0000,-0.0000,0.0000,0.0000
50.0,18.0232,20.9430,-0.0040,1.0000,0.0001,0.0000,-0.0000,0.0000,-0.0000,0.0001,-0.0000,0.0002,0.0000
50.5,18.0232,20.9430,-0.0040,1.0000,0.0001,0.0001,-0.0000,0.0000,-0.0000,0.0001,-0.0000,0.0002,0.0000
51.0,18.0232,20.9430,-0.0040,1.0000,0.0001,0.0001,-0.0000,0.0000,-0.0000,0.0001,-0.0000,0.0002,0.0000
51.5,18.0232,20.9430,-0.0040,1.0000,-0.0001,0.0001,-0.0000,0.0000,-0.0001,-0.0001,-0.0002,-0.0002,0.0000
52.0,18.0232,20.9430,-0.0040,1.0000,0.0001,0.0000,-0.0000,0.0000,0.0001,0.0001,0.0002,0.0002,0.0000
52.5,18.0232,20.9430,-0.0040,1.0000,0.0001,0.0000,-0.0000,0.0000,-0.0000,0.0001,-0.0000,0.0002,0.0000
53.0,18.0232,20.9430,-0.0040,1.0000,0.0001,0.0001,-0.0000,0.0000,-0.0000,0.0001,-0.0000,0.0002,0.0000
53.5,18.0232,20.9430,-0.0040,1.0000,-0.0000,0.0001,-0.0000,0.0000,-0.0000,0.0000,-0.0000,0.0000,0.0000
54.0,18.0232,20.9430,-0.0040,1.0000,-0.0000,0.0001,-0.0000,0.0000,0.0001,0.0003,0.0002,0.0004,0.0000
54.5,18.0232,20.9430,-0.0040,1.0000,0.0002,0.0001,-0.0000,0.0000,0.0003,0.0000,0.0004,0.0000,0.0000
55.0,18.0232,20.9430,-0.0040,1.0000,0.0001,-0.0000,-0.0000,0.0000,0.0003,0.0000,0.0004,0.0000,0.0000
55.5,18.0232,20.9430,-0.0040,1.0000,0.0001,-0.0001,-0.0000,0.0000,0.0003,0.0000,0.0004,0.0000,0.0000
56.0,18.0232,20.9430,-0.0040,1.0000,-0.0001,-0.0001,-0.0000,0.0000,-0.0003,0.0000,-0.0004,0.0000,0.0000
56.5,18.0232,20.9430,-0.0040,1.0000,-0.0001,0.0000,-0.0000,0.0000,-0.0000,0.0000,-0.0000,0.0000,0.0000
57.0,18.0232,20.9430,-0.0040,1.0000,0.0000,0.0000,-0.0000,0.0000,-0.0000,0.0001,-0.0000,0.0002,0.0000
57.5,18.0232,20.9430,-0.0040,1.0000,0.0001,0.0001,-0.0000,0.0000,-0.0001,0.0004,-0.0002,0.0006,0.0000
58.0,18.0232,20.9430,-0.0040,1.0000,0.0000,0.0002,-0.0000,0.0000,-0.0000,0.0000,-0.0000,0.0000,0.0000
58.5,18.0232,20.9430,-0.0040,1.0000,-0.0000,0.0001,-0.0000,0.0000,-0.0000,0.0000,-0.0000,0.0000,0.0000
59.0,18.0232,20.9430,-0.0040,1.0000,-0.0001,0.0000,-0.0000,0.0000,-0.0000,-0.0003,-0.0000,-0.0004,0.0000
59.5,18.0232,20.9430,-0.0040,1.0000,0.0000,-0.0001,-0.0000,0.0000,-0.0001,0.0000,-0.0002,0.0000,0.0000
60.0,18.0232,20.9430,-0.0040,1.0000,-0.0001,0.0000,-0.0000,0.0000,-0.0001,0.0000,-0.0002,0.0000,0.0000
60.5,18.0232,20.9430,-0.0040,1.0000,0.0001,-0.0000,-0.0000,0.0000,0.0001,0.0000,0.0002,0.0000,0.0000
61.0,18.0232,20.9430,-0.0040,1.0000,0.0000,-0.0001,-0.0000,0.0000,-0.0000,0.0000,-0.0000,0.0000,0.0000
61.5,18.0232,20.9430,-0.0040,1.0000,-0.0000,-0.0000,-0.0000,0.0000,-0.0000,0.0000,-0.0000,0.0000,0.0000
62.0,18.0232,20.9430,-0.0040,1.0000,-0.0000,-0.0000,-0.0000,0.0000,-0.0000,0.0000,-0.0000,0.0000,0.0000
62.5,18.0232,20.9430,-0.0040,1.0000,-0.0000,-0.0000,-0.0000,0.0000,-0.0001,0.0000,-0.0002,0.0000,0.0000
63.0,18.0232,20.9430,-0.0040,1.0000,0.0000,-0.0000,-0.0000,0.0000,-0.0000,0.0000,-0.0000,0.0000,0.0000
63.5,18.0232,20.9430,-0.0040,1.0000,0.0000,-0.0000,-0.0000,0.0000,-0.0000,0.0000,-0.0000,0.0000,0.0000
64.0,18.0232,20.9430,-0.0040,1.0000,-0.0000,-0.0000,-0.0000,0.0000,-0.0000,-0.0003,-0.0000,-0.0004,0.0000
64.5,18.0232,20.9430,-0.0040,1.0000,-0.0000,-0.0000,-0.0000,0.0000,-0.0000,0.0000,-0.0000,0.0000,0.0000
65.0,18.0232,20.9430,-0.0040,1.0000,-0.0001,-0.0000,-0.0000,0.0000,-0.0001,-0.0003,-0.0002,-0.0004,0.0000
65.5,18.0232,20.9430,-0.0040,1.0000,-0.0002,-0.0001,-0.0000,0.0000,0.0001,0.0000,0.0002,0.0000,0.0000
66.0,18.0232,20.9430,-0.0040,1.0000,-0.0001,-0.0000,-0.0000,0.0000,-0.0001,0.0000,-0.0002,0.0000,0.0000
66.5,18.0232,20.9430,-0.0040,1.0000,0.0001,-0.0000,-0.0000,0.0000,0.0001,0.0001,0.0002,0.0002,0.0000
67.0,18.0232,20.9430,-0.0040,1.0000,-0.0001,-0.0001,-0.0000,0.0000,-0.0001,-0.0003,-0.0002,-0.0004,0.0000
67.5,18.0232,20.9430,-0.0040,1.0000,-0.0002,-0.0001,-0.0000,0.0000,-0.0000,0.0000,-0.0000,0.0000,0.0000
68.0,18.0232,20.9430,-0.0040,1.0000,0.0000,-0.0001,-0.0000,0.0000,-0.0000,0.0000,-0.0000,0.0000,0.0000
68.5,18.0232,20.9430,-0.0040,1.0000,-0.0000,-0.0001,-0.0000,0.0000,-0.0001,0.0000,-0.0002,0.0000,0.0000
69.0,18.0232,20.9430,-0.0040,1.0000,-0.0001,0.0000,-0.0000,0.0000,-0.0001,0.0000,-0.0002,0.0000,0.0000
69.5,18.0232,20.9430,-0.0040,1.0000,-0.0000,0.0001,-0.0000,0.0000,-0.0000,0.0000,-0.0000,0.0000,0.0000
70.0,18.0232,20.9430,-0.0040,1.0000,0.0000,0.0000,-0.0000,0.0000,-0.0000,0.0000,-0.0000,0.0000,0.0000
70.5,18.0232,20.9430,-0.0040,1.0000,0.0000,0.0001,-0.0000,0.0000,-0.0000,0.0001,-0.0000,0.0002,0.0000
71.0,18.0232,20.9430,-0.0040,1.0000,0.0001,0.0001,-0.0000,0.0000,0.0001,0.0000,0.0002,0.0000,0.0000
71.5,18.0232,20.9430,-0.0040,1.0000,0.0001,0.0000,-0.0000,0.0000,-0.0000,0.0000,-0.0000,0.0000,0.0000
72.0,18.0232,20.9430,-0.0040,1.0000,-0.0000,-0.0000,-0.0000,0.0000,-0.0000,0.0000,-0.0000,0.0000,0.0000
72.5,18.0232,20.9430,-0.0040,1.0000,-0.0001,0.0000,-0.0000,0.0000,-0.0001,0.0000,-0.0002,0.0000,0.0000
73.0,18.0232,20.9430,-0.0040,1.0000,-0.0001,0.0000,-0.0000,0.0000,-0.0000,0.0000,-0.0000,0.0000,0.0000
73.5,18.0232,20.9430,-0.0040,1.0000,-0.0000,0.0000,-0.0000,0.0000,-0.0001,0.0000,-0.0002,0.0000,0.0000
74.0,18.0232,20.9430,-0.0040,1.0000,-0.0001,0.0001,-0.0000,0.0000,-0.0001,0.0000,-0.0002,0.0000,0.0000
74.5,18.0232,20.9430,-0.0040,1.0000,-0.0001,0.0001,-0.0000,0.0000,-0.0001,0.0000,-0.0002,0.0000,0.0000
75.0,18.0232,20.9430,-0.0040,1.0000,-0.0001,0.0001,-0.0000,0.0000,-0.0001,0.0000,-0.0002,0.0000,0.0000
75.5,18.0232,20.9430,-0.0040,1.0000,0.0000,0.0001,-0.0000,0.0000,-0.0000,0.0000,-0.0000,0.0000,0.0000
76.0,18.0232,20.9430,-0.0040,1.0000,0.0000,0.0001,-0.0000,0.0000,-0.0003,0.0000,-0.0004,0.0000,0.0000
76.5,18.0232,20.9430,-0.0040,1.0000,-0.0001,-0.0000,-0.0000,0.0000,0.0001,-0.0003,0.0002,-0.0004,0.0000
77.0,18.0232,20.9430,-0.0040,1.0000,-0.0001,-0.0002,-0.0000,0.0000,-0.0000,-0.0003,-0.0000,-0.0004,0.0000
77.5,18.0232,20.9430,-0.0040,1.0000,-0.0001,-0.0002,-0.0000,0.0000,-0.0000,-0.0003,-0.0000,-0.0004,0.0000
78.0,18.0232,20.9430,-0.0040,1.0000,-0.0001,-0.0003,-0.0000,0.0000,-0.0000,-0.0003,-0.0000,-0.0004,0.0000
78.5,18.0232,20.9430,-0.0040,1.0000,-0.0001,-0.0003,-0.0000,0.0000,-0.0000,-0.0003,-0.0000,-0.0004,0.0000
79.0,18.0232,20.9430,-0.0040,1.0000,-0.0001,-0.0003,-0.0000,0.0000,-0.0000,-0.0003,-0.0000,-0.0004,0.0000
79.5,18.0232,20.9430,-0.0040,1.0000,-0.0000,-0.0003,-0.0000,0.0000,-0.0000,0.0000,-0.0000,0.0000,0.0000
80.0,18.0232,20.9430,-0.0040,1.0000,0.0000,-0.0002,-0.0000,0.0000,-0.0000,0.0000,-0.0000,0.0000,0.0000
80.5,18.0232,20.9430,-0.0040,1.0000,-0.0001,-0.0003,-0.0000,0.0000,-0.0000,-0.0003,-0.0000,-0.0004,0.0000
81.0,18.0232,20.9430,-0.0040,1.0000,-0.0001,-0.0003,-0.0000,0.0000,-0.0000,-0.0003,-0.0000,-0.0004,0.0000
81.5,18.0232,20.9430,-0.0040,1.0000,-0.0001,-0.0003,-0.0000,0.0000,-0.0000,-0.0003,-0.0000,-0.0004,0.0000
82.0,18.0232,20.9430,-0.0040,1.0000,-0.0001,-0.0004,-0.0000,0.0000,-0.0001,0.0000,-0.0002,0.0000,0.0000
82.5,18.0232,20.9430,-0.0040,1.0000,-0.0000,-0.0003,-0.0000,0.0000,-0.0000,-0.0001,-0.0000,-0.0002,0.0000
83.0,18.0232,20.9430,-0.0040,1.0000,0.0001,-0.0002,-0.0000,0.0000,-0.0000,0.0001,-0.0000,0.0002,0.0000
83.5,18.0232,20.9430,-0.0040,1.0000,0.0001,-0.0001,-0.0000,0.0000,-0.0000,0.0001,-0.0000,0.0002,0.0000
84.0,18.0232,20.9430,-0.0040,1.0000,0.0001,0.0000,-0.0000,0.0000,-0.0000,0.0001,-0.0000,0.0002,0.0000
84.5,18.0232,20.9430,-0.0040,1.0000,0.0001,0.0001,-0.0000,0.0000,-0.0000,0.0001,-0.0000,0.0002,0.0000
85.0,18.0232,20.9430,-0.0040,1.0000,0.0000,0.0001,-0.0000,0.0000,-0.0000,0.0001,-0.0000,0.0002,0.0000
85.5,18.0232,20.9430,-0.0040,1.0000,-0.0000,0.0001,-0.0000,0.0000,-0.0001,-0.0001,-0.0002,-0.0002,0.0000
86.0,18.0232,20.9430,-0.0040,1.0000,-0.0001,0.0001,-0.0000,0.0000,-0.0001,-0.0001,-0.0002,-0.0002,0.0000
86.5,18.0232,20.9430,-0.0040,1.0000,-0.0001,0.0001,-0.0000,0.0000,-0.0001,-0.0001,-0.0002,-0.0002,0.0000
87.0,18.0232,20.9430,-0.0040,1.0000,-0.0001,0.0000,-0.0000,0.0000,-0.0000,0.0000,-0.0000,0.0000,0.0000
87.5,18.0232,20.9430,-0.0040,1.0000,0.0000,0.0000,-0.0000,0.0000,0.0001,-0.0004,0.0002,-0.0006,0.0000
88.0,18.0232,20.9430,-0.0040,1.0000,-0.0000,-0.0001,-0.0000,0.0000,-0.0000,0.0001,-0.0000,0.0002,0.0000
88.5,18.0232,20.9430,-0.0040,1.0000,0.0001,-0.0000,-0.0000,0.0000,0.0001,0.0001,0.0002,0.0002,0.0000
89.0,18.0232,20.9430,-0.0040,1.0000,0.0001,-0.0000,-0.0000,0.0000,0.0001,0.0001,0.0002,0.0002,0.0000
89.5,18.0232,20.9430,-0.0040,1.0000,0.0001,-0.0000,-0.0000,0.0000,-0.0000,0.0001,-0.0000,0.0002,0.0000
90.0,18.0232,20.9430,-0.0040,1.0000,0.0001,0.0000,-0.0000,0.0000,0.0003,0.0000,0.0004,0.0000,0.0000
90.5,18.0232,20.9430,-0.0040,1.0000,0.0001,-0.0001,-0.0000,0.0000,-0.0000,0.0003,-0.0000,0.0004,0.0000
91.0,18.0232,20.9430,-0.0040,1.0000,0.0000,0.0000,-0.0000,0.0000,-0.0000,0.0000,-0.0000,0.0000,0.0000
91.5,18.0232,20.9430,-0.0040,1.0000,-0.0000,0.0000,-0.0000,0.0000,-0.0000,0.0000,-0.0000,0.0000,0.0000
92.0,18.0232,20.9430,-0.0040,1.0000,-0.0002,0.0000,-0.0000,0.0000,-0.0003,-0.0001,-0.0004,-0.0002,0.0000
92.5,18.0232,20.9430,-0.0040,1.0000,0.0001,-0.0001,-0.0000,0.0000,0.0003,-0.0001,0.0004,-0.0002,0.0000
93.0,18.0232,20.9430,-0.0040,1.0000,-0.0000,-0.0002,-0.0000,0.0000,0.0001,0.0000,0.0002,0.0000,0.0000
93.5,18.0232,20.9430,-0.0040,1.0000,0.0000,-0.0001,-0.0712,-0.0712,-0.0000,0.0000,-0.0000,0.0000,0.0000
94.0,18.0232,20.9430,-0.0040,1.0000,-0.0000,-0.0001,-0.0712,-0.0712,-0.0000,0.0000,-0.0000,0.0000,0.0000
94.5,18.0232,20.9430,-0.0040,1.0000,0.0000,-0.0001,-0.0712,-0.0712,0.0001,0.0000,0.0002,0.0000,0.0000
95.0,18.0232,20.9430,-0.0040,1.0000,0.0000,-0.0001,-0.0712,-0.0712,-0.0000,0.0000,-0.0000,0.0000,0.0000
95.5,18.0232,20.9430,-0.0040,1.0000,-0.0000,-0.0001,-0.0712,-0.0712,-0.0000,0.0000,-0.0000,0.0000,0.0000
96.0,18.0232,20.9430,-0.0040,1.0000,0.0001,0.0000,-0.0712,-0.0712,-0.0000,0.0003,-0.0000,0.0004,0.0000
96.5,18.0232,20.9430,-0.0040,1.0000,0.0001,0.0001,-0.0712,-0.0712,-0.0000,0.0003,-0.0000,0.0004,0.0000
97.0,18.0232,20.9430,-0.0040,1.0000,0.0002,0.0002,-0.0712,-0.0712,0.0001,0.0003,0.0002,0.0004,0.0000
97.5,18.0232,20.9430,-0.0040,1.0000,0.0002,0.0002,-0.0712,-0.0712,0.0001,0.0003,0.0002,0.0004,0.0000
98.0,18.0232,20.9430,-0.0040,1.0000,0.0002,0.0002,-0.0712,-0.0712,0.0001,0.0003,0.0002,0.0004,0.0000
98.5,18.0232,20.9430,-0.0040,1.0000,-0.0001,0.0002,-0.0712,-0.0712,-0.0001,0.0000,-0.0002,0.0000,0.0000
99.0,18.0232,20.9430,-0.0040,1.0000,-0.0000,0.0002,-0.0712,-0.0712,-0.0000,0.0000,-0.0000,0.0000,0.0000
99.5,18.0232,20.9430,-0.0040,1.0000,-0.0000,0.0001,-0.0712,-0.0712,-0.0000,0.0000,-0.0000,0.0000,0.0000
100.0,18.0232,20.9430,-0.0040,1.0000,0.0001,0.0001,-0.0712,-0.0712,0.0005,-0.0001,0.0008,-0.0002,0.0000
100.5,18.0232,20.9430,-0.0040,1.0000,0.0001,-0.0002,-0.0712,-0.0712,-0.0000,0.0000,-0.0000,0.0000,0.0000
101.0,18.0232,20.9430,-0.0040,1.0000,0.0001,-0.0002,-0.0712,-0.0712,0.0001,0.0003,0.0002,0.0004,0.0000
101.5,18.0232,20.9430,-0.0040,1.0000,-0.0001,-0.0000,-0.0712,-0.0712,-0.0003,0.0000,-0.0004,0.0000,0.0000
102.0,18.0232,20.9430,-0.0040,1.0000,-0.0001,-0.0001,-0.0712,-0.0712,0.0001,-0.0003,0.0002,-0.0004,0.0000
102.5,18.0232,20.9430,-0.0040,1.0000,0.0000,-0.0001,-0.0712,-0.0712,0.0001,0.0000,0.0002,0.0000,0.0000
103.0,18.0232,20.9430,-0.0040,1.0000,0.0001,-0.0001,-0.0712,-0.0712,0.0001,0.0000,0.0002,0.0000,0.0000
103.5,18.0232,20.9430,-0.0040,1.0000,0.0000,-0.0001,-0.0712,-0.0712,-0.0000,0.0000,-0.0000,0.0000,0.0000
104.0,18.0232,20.9430,-0.0040,1.0000,-0.0001,-0.0001,-0.0712,-0.0712,-0.0001,-0.0001,-0.0002,-0.0002,0.0000
104.5,18.0232,20.9430,-0.0040,1.0000,-0.0000,-0.0001,-0.0712,-0.0712,-0.0000,0.0000,-0.0000,0.0000,0.0000
105.0,18.0232,20.9430,-0.0040,1.0000,0.0000,-0.0001,-0.0712,-0.0712,0.0001,0.0003,0.0002,0.0004,0.0000
105.5,18.0232,20.9430,-0.0040,1.0000,0.0001,-0.0000,-0.0712,-0.0712,-0.0000,0.0000,-0.0000,0.0000,0.0000
106.0,18.0232,20.9430,-0.0040,1.0000,-0.0000,-0.0000,-0.0712,-0.0712,-0.0000,0.0000,-0.0000,0.0000,0.0000
106.5,18.0232,20.9430,-0.0040,1.0000,-0.0000,-0.0000,-0.0712,-0.0712,-0.0000,0.0000,-0.0000,0.0000,0.0000
107.0,18.0232,20.9430,-0.0040,1.0000,0.0000,-0.0000,-0.0712,-0.0712,0.0001,0.0000,0.0002,0.0000,0.0000
107.5,18.0232,20.9430,-0.0040,1.0000,0.0000,-0.0000,-0.0712,-0.0712,-0.0000,0.0000,-0.0000,0.0000,0.0000
108.0,18.0232,20.9430,-0.0040,1.0000,-0.0000,-0.0000,-0.0712,-0.0712,-0.0000,0.0000,-0.0000,0.0000,0.0000
108.5,18.0232,20.9430,-0.0040,1.0000,-0.0000,-0.0000,-0.0712,-0.0712,-0.0000,-0.0001,-0.0000,-0.0002,0.0000
109.0,18.0232,20.9430,-0.0040,1.0000,-0.0001,-0.0001,-0.0712,-0.0712,-0.0001,-0.0003,-0.0002,-0.0004,0.0000
109.5,18.0232,20.9430,-0.0040,1.0000,-0.0001,-0.0001,-0.0712,-0.0712,-0.0001,0.0000,-0.0002,0.0000,0.0000
110.0,18.0232,20.9430,-0.0040,1.0000,-0.0000,-0.0001,-0.0712,-0.0712,-0.0000,0.0000,-0.0000,0.0000,0.0000
110.5,18.0232,20.9430,-0.0040,1.0000,0.0000,-0.0001,-0.0712,-0.0712,-0.0000,0.0000,-0.0000,0.0000,0.0000
111.0,18.0232,20.9430,-0.0040,1.0000,0.0001,-0.0000,-0.0712,-0.0712,0.0001,0.0001,0.0002,0.0002,0.0000
111.5,18.0232,20.9430,-0.0040,1.0000,-0.0000,-0.0000,-0.0712,-0.0712,-0.0000,0.0000,-0.0000,0.0000,0.0000
112.0,18.0232,20.9430,-0.0040,1.0000,0.0000,0.0000,-0.0712,-0.0712,-0.0000,0.0000,-0.0000,0.0000,0.0000
112.5,18.0232,20.9430,-0.0040,1.0000,0.0001,0.0001,-0.0712,-0.0712,-0.0000,0.0001,-0.0000,0.0002,0.0000
113.0,18.0232,20.9430,-0.0040,1.0000,0.0001,0.0001,-0.0712,-0.0712,-0.0000,0.0001,-0.0000,0.0002,0.0000
113.5,18.0232,20.9430,-0.0040,1.0000,-0.0001,0.0001,-0.0712,-0.0712,-0.0001,-0.0001,-0.0002,-0.0002,0.0000
114.0,18.0232,20.9430,-0.0040,1.0000,-0.0001,0.0001,-0.0712,-0.0712,-0.0001,-0.0001,-0.0002,-0.0002,0.0000
114.5,18.0232,20.9430,-0.0040,1.0000,0.0001,0.0001,-0.0712,-0.0712,-0.0000,0.0003,-0.0000,0.0004,0.0000
115.0,18.0232,20.9430,-0.0040,1.0000,0.0001,0.0002,-0.0712,-0.0712,0.0001,0.0000,0.0002,0.0000,0.0000
115.5,18.0232,20.9430,-0.0040,1.0000,-0.0001,0.0002,-0.0712,-0.0712,-0.0000,0.0000,-0.0000,0.0000,0.0000
116.0,18.0232,20.9430,-0.0040,1.0000,-0.0001,0.0001,-0.0712,-0.0712,-0.0000,-0.0001,-0.0000,-0.0002,0.0000
116.5,18.0232,20.9430,-0.0040,1.0000,-0.0001,0.0000,-0.0712,-0.0712,-0.0000,-0.0001,-0.0000,-0.0002,0.0000
117.0,18.0232,20.9430,-0.0040,1.0000,-0.0001,-0.0000,-0.0712,-0.0712,-0.0001,-0.0001,-0.0002,-0.0002,0.0000
117.5,18.0232,20.9430,-0.0040,1.0000,-0.0001,-0.0000,-0.0712,-0.0712,-0.0001,-0.0001,-0.0002,-0.0002,0.0000
118.0,18.0232,20.9430,-0.0040,1.0000,-0.0001,-0.0000,-0.0712,-0.0712,-0.0000,0.0001,-0.0000,0.0002,0.0000
118.5,18.0232,20.9430,-0.0040,1.0000,0.0001,-0.0001,-0.0712,-0.0712,0.0003,-0.0001,0.0004,-0.0002,0.0000
119.0,18.0232,20.9430,-0.0040,1.0000,0.0001,-0.0003,-0.0712,-0.0712,0.0003,-0.0001,0.0004,-0.0002,0.0000
119.5,18.0232,20.9430,-0.0040,1.0000,0.0001,-0.0003,-0.0712,-0.0712,-0.0000,0.0004,-0.0000,0.0006,0.0000
120.0,18.0232,20.9430,-0.0040,1.0000,-0.0000,-0.0002,-0.0712,-0.0712,-0.0000,-0.0003,-0.0000,-0.0004,0.0000
120.5,18.0232,20.9430,-0.0040,1.0000,-0.0001,-0.0002,-0.0712,-0.0712,-0.0000,-0.0004,-0.0000,-0.0006,0.0000
121.0,18.0232,20.9430,-0.0040,1.0000,0.0001,-0.0003,-0.0712,-0.0712,0.0003,0.0000,0.0004,0.0000,0.0000
121.5,18.0232,20.9430,-0.0040,1.0000,0.0001,-0.0003,-0.0712,-0.0712,0.0001,0.0001,0.0002,0.0002,0.0000
122.0,18.0232,20.9430,-0.0040,1.0000,0.0001,-0.0002,-0.0712,-0.0712,0.0001,0.0001,0.0002,0.0002,0.0000
122.5,18.0232,20.9430,-0.0040,1.0000,0.0001,-0.0001,-0.0712,-0.0712,-0.0000,0.0001,-0.0000,0.0002,0.0000
123.0,18.0232,20.9430,-0.0040,1.0000,0.0000,-0.0001,-0.0712,-0.0712,-0.0000,0.0000,-0.0000,0.0000,0.0000
123.5,18.0232,20.9430,-0.0040,1.0000,0.0000,-0.0001,-0.0712,-0.0712,0.0003,-0.0001,0.0004,-0.0002,0.0000
124.0,18.0232,20.9430,-0.0040,1.0000,0.0001,-0.0002,-0.0712,-0.0712,0.0003,-0.0001,0.0004,-0.0002,0.0000
124.5,18.0232,20.9430,-0.0040,1.0000,0.0001,-0.0003,-0.0712,-0.0712,0.0003,-0.0001,0.0004,-0.0002,0.0000
125.0,18.0232,20.9430,-0.0040,1.0000,0.0000,-0.0003,-0.0712,-0.0712,0.0003,0.0001,0.0004,0.0002,0.0000
125.5,18.0232,20.9430,-0.0040,1.0000,0.0001,-0.0003,-0.0712,-0.0712,0.0001,0.0000,0.0002,0.0000,0.0000
126.0,18.0232,20.9430,-0.0040,1.0000,0.0000,-0.0002,-0.0712,-0.0712,-0.0000,0.0000,-0.0000,0.0000,0.0000
126.5,18.0232,20.9430,-0.0040,1.0000,-0.0000,-0.0002,-0.0712,-0.0712,-0.0000,0.0000,-0.0000,0.0000,0.0000
127.0,18.0232,20.9430,-0.0040,1.0000,-0.0001,-0.0001,-0.0712,-0.0712,-0.0004,0.0001,-0.0006,0.0002,0.0000
127.5,18.0232,20.9430,-0.0040,1.0000,-0.0001,-0.0001,-0.0712,-0.0712,0.0001,0.0000,0.0002,0.0000,0.0000
128.0,18.0232,20.9430,-0.0040,1.0000,0.0001,-0.0002,-0.0712,-0.0712,0.0001,0.0000,0.0002,0.0000,0.0000
128.5,18.0232,20.9430,-0.0040,1.0000,0.0000,-0.0001,-0.0570,-0.0570,-0.0000,0.0000,-0.0000,0.0000,0.0000
129.0,18.0232,20.9430,-0.0040,1.0000,-0.0000,-0.0001,-0.0000,0.0000,-0.0000,0.0000,-0.0000,0.0000,0.0000
129.5,18.0232,20.9430,-0.0040,1.0000,-0.0000,-0.0001,-0.0000,0.0000,-0.0000,0.0000,-0.0000,0.0000,0.0000
130.0,18.0232,20.9430,-0.0040,1.0000,0.0000,-0.0000,-0.0000,0.0000,0.0001,0.0001,0.0002,0.0002,0.0000
130.5,18.0232,20.9430,-0.0040,1.0000,0.0001,-0.0000,-0.0000,0.0000,-0.0001,-0.0001,-0.0002,-0.0002,0.0000
131.0,18.0232,20.9430,-0.0040,1.0000,-0.0001,-0.0000,-0.0000,0.0000,-0.0000,0.0000,-0.0000,0.0000,0.0000
131.5,18.0232,20.9430,-0.0040,1.0000,0.0000,-0.0000,-0.0000,0.0000,0.0001,0.0000,0.0002,0.0000,0.0000
132.0,18.0232,20.9430,-0.0040,1.0000,0.0001,-0.0001,-0.0000,0.0000,0.0001,0.0000,0.0002,0.0000,0.0000
132.5,18.0232,20.9430,-0.0040,1.0000,0.0001,-0.0001,-0.0000,0.0000,0.0001,0.0000,0.0002,0.0000,0.0000
133.0,18.0232,20.9430,-0.0040,1.0000,0.0001,-0.0001,-0.0000,0.0000,-0.0001,0.0001,-0.0002,0.0002,0.0000
133.5,18.0232,20.9430,-0.0040,1.0000,-0.0000,-0.0000,-0.0000,0.0000,-0.0001,0.0001,-0.0002,0.0002,0.0000
134.0,18.0232,20.9430,-0.0040,1.0000,-0.0000,0.0001,-0.0000,0.0000,-0.0000,0.0000,-0.0000,0.0000,0.0000
134.5,18.0232,20.9430,-0.0040,1.0000,-0.0000,0.0001,-0.0000,0.0000,-0.0000,0.0000,-0.0000,0.0000,0.0000
135.0,18.0232,20.9430,-0.0040,1.0000,0.0002,0.0001,-0.0000,0.0000,0.0004,0.0003,0.0006,0.0004,0.0000
135.5,18.0232,20.9430,-0.0040,1.0000,0.0003,0.0000,-0.0000,0.0000,-0.0001,-0.0003,-0.0002,-0.0004,0.0000
136.0,18.0232,20.9430,-0.0040,1.0000,-0.0002,-0.0000,-0.0000,0.0000,-0.0001,-0.0003,-0.0002,-0.0004,0.0000
136.5,18.0232,20.9430,-0.0040,1.0000,-0.0001,-0.0000,-0.0000,0.0000,-0.0001,0.0000,-0.0002,0.0000,0.0000
137.0,18.0232,20.9430,-0.0040,1.0000,-0.0001,0.0000,-0.0000,0.0000,-0.0003,0.0000,-0.0004,0.0000,0.0000
137.5,18.0232,20.9430,-0.0040,1.0000,-0.0001,0.0001,-0.0000,0.0000,-0.0003,0.0000,-0.0004,0.0000,0.0000
138.0,18.0232,20.9430,-0.0040,1.0000,-0.0001,0.0002,-0.0000,0.0000,-0.0003,0.0000,-0.0004,0.0000,0.0000
138.5,18.0232,20.9430,-0.0040,1.0000,-0.0000,0.0002,-0.0000,0.0000,0.0001,-0.0001,0.0002,-0.0002,0.0000
139.0,18.0232,20.9430,-0.0040,1.0000,0.0000,0.0000,-0.0000,0.0000,-0.0000,-0.0001,-0.0000,-0.0002,0.0000
139.5,18.0232,20.9430,-0.0040,1.0000,-0.0001,-0.0000,-0.0000,0.0000,-0.0000,-0.0001,-0.0000,-0.0002,0.0000
140.0,18.0232,20.9430,-0.0040,1.0000,-0.0000,-0.0000,-0.0000,0.0000,-0.0000,0.0004,-0.0000,0.0006,0.0000
140.5,18.0232,20.9430,-0.0040,1.0000,0.0002,0.0001,-0.0000,0.0000,-0.0000,0.0004,-0.0000,0.0006,0.0000
141.0,18.0232,20.9430,-0.0040,1.0000,0.0001,0.0002,-0.0000,0.0000,-0.0000,0.0001,-0.0000,0.0002,0.0000
141.5,18.0232,20.9430,-0.0040,1.0000,0.0001,0.0001,-0.0000,0.0000,0.0001,0.0000,0.0002,0.0000,0.0000
142.0,18.0232,20.9430,-0.0040,1.0000,-0.0000,0.0001,-0.0000,0.0000,-0.0000,0.0000,-0.0000,0.0000,0.0000
142.5,18.0232,20.9430,-0.0040,1.0000,-0.0000,0.0001,-0.0000,0.0000,-0.0000,0.0000,-0.0000,0.0000,0.0000
143.0,18.0232,20.9430,-0.0040,1.0000,-0.0000,0.0000,-0.0000,0.0000,-0.0000,0.0000,-0.0000,0.0000,0.0000
143.5,18.0232,20.9430,-0.0040,1.0000,0.0000,0.0000,-0.0000,0.0000,-0.0000,0.0000,-0.0000,0.0000,0.0000
144.0,18.0232,20.9430,-0.0040,1.0000,-0.0000,0.0000,-0.0000,0.0000,-0.0001,0.0000,-0.0002,0.0000,0.0000
144.5,18.0232,20.9430,-0.0040,1.0000,-0.0000,0.0000,-0.0000,0.0000,-0.0000,0.0000,-0.0000,0.0000,0.0000
145.0,18.0232,20.9430,-0.0040,1.0000,-0.0000,0.0000,-0.0000,0.0000,-0.0000,0.0000,-0.0000,0.0000,0.0000
145.5,18.0232,20.9430,-0.0040,1.0000,0.0001,0.0000,-0.0000,0.0000,0.0001,0.0001,0.0002,0.0002,0.0000
146.0,18.0232,20.9430,-0.0040,1.0000,-0.0000,0.0000,-0.0000,0.0000,-0.0001,0.0000,-0.0002,0.0000,0.0000
146.5,18.0232,20.9430,-0.0040,1.0000,0.0001,0.0000,-0.0000,0.0000,-0.0000,0.0001,-0.0000,0.0002,0.0000
147.0,18.0232,20.9430,-0.0040,1.0000,0.0001,0.0001,-0.0000,0.0000,-0.0000,0.0001,-0.0000,0.0002,0.0000
147.5,18.0232,20.9430,-0.0040,1.0000,-0.0000,0.0000,-0.0000,0.0000,-0.0000,-0.0003,-0.0000,-0.0004,0.0000
148.0,18.0232,20.9430,-0.0040,1.0000,-0.0000,-0.0000,-0.0000,0.0000,-0.0000,0.0001,-0.0000,0.0002,0.0000
148.5,18.0232,20.9430,-0.0040,1.0000,0.0001,-0.0001,-0.0000,0.0000,0.0001,0.0000,0.0002,0.0000,0.0000
149.0,18.0232,20.9430,-0.0040,1.0000,0.0001,-0.0000,-0.0000,0.0000,-0.0000,0.0001,-0.0000,0.0002,0.0000
149.5,18.0232,20.9430,-0.0040,1.0000,-0.0000,-0.0001,-0.0000,0.0000,-0.0000,-0.0005,-0.0000,-0.0008,0.0000
150.0,18.0232,20.9430,-0.0040,1.0000,-0.0002,-0.0003,-0.0000,0.0000,-0.0000,0.0000,-0.0000,0.0000,0.0000
150.5,18.0232,20.9430,-0.0040,1.0000,0.0000,-0.0002,-0.0000,0.0000,-0.0000,0.0001,-0.0000,0.0002,0.0000
151.0,18.0232,20.9430,-0.0040,1.0000,0.0000,-0.0001,-0.0000,0.0000,-0.0001,0.0000,-0.0002,0.0000,0.0000
151.5,18.0232,20.9430,-0.0040,1.0000,-0.0002,-0.0001,-0.0000,0.0000,-0.0001,-0.0004,-0.0002,-0.0006,0.0000
152.0,18.0232,20.9430,-0.0040,1.0000,-0.0003,-0.0002,-0.0000,0.0000,-0.0001,-0.0004,-0.0002,-0.0006,0.0000
152.5,18.0232,20.9430,-0.0040,1.0000,-0.0001,-0.0002,-0.0000,0.0000,-0.0001,0.0000,-0.0002,0.0000,0.0000
153.0,18.0232,20.9430,-0.0040,1.0000,-0.0000,-0.0001,-0.0000,0.0000,-0.0000,0.0000,-0.0000,0.0000,0.0000
153.5,18.0232,20.9430,-0.0040,1.0000,0.0000,-0.0001,-0.0000,0.0000,-0.0000,0.0000,-0.0000,0.0000,0.0000
154.0,18.0232,20.9430,-0.0040,1.0000,-0.0000,-0.0001,-0.0712,-0.0712,-0.0001,0.0000,-0.0002,0.0000,0.0000
154.5,18.0232,20.9430,-0.0040,1.0000,0.0000,-0.0001,-0.0712,-0.0712,0.0001,-0.0001,0.0002,-0.0002,0.0000
155.0,18.0232,20.9430,-0.0040,1.0000,-0.0001,0.0000,-0.0712,-0.0712,-0.0003,0.0000,-0.0004,0.0000,0.0000
155.5,18.0232,20.9430,-0.0040,1.0000,-0.0000,0.0001,-0.0712,-0.0712,0.0001,0.0000,0.0002,0.0000,0.0000
156.0,18.0232,20.9430,-0.0040,1.0000,0.0001,0.0000,-0.0712,-0.0712,-0.0000,0.0000,-0.0000,0.0000,0.0000
156.5,18.0232,20.9430,-0.0040,1.0000,0.0000,0.0000,-0.0712,-0.0712,-0.0000,0.0000,-0.0000,0.0000,0.0000
157.0,18.0232,20.9430,-0.0040,1.0000,0.0001,-0.0000,-0.0712,-0.0712,0.0001,0.0000,0.0002,0.0000,0.0000
157.5,18.0232,20.9430,-0.0040,1.0000,0.0000,-0.0000,-0.0712,-0.0712,-0.0000,0.0000,-0.0000,0.0000,0.0000
158.0,18.0232,20.9430,-0.0040,1.0000,0.0000,-0.0000,-0.0712,-0.0712,-0.0000,0.0000,-0.0000,0.0000,0.0000
158.5,18.0232,20.9430,-0.0040,1.0000,0.0000,-0.0000,-0.0712,-0.0712,-0.0000,0.0000,-0.0000,0.0000,0.0000
159.0,18.0232,20.9430,-0.0040,1.0000,-0.0001,-0.0000,-0.0712,-0.0712,-0.0000,-0.0001,-0.0000,-0.0002,0.0000
159.5,18.0232,20.9430,-0.0040,1.0000,-0.0000,-0.0000,-0.0712,-0.0712,-0.0000,0.0001,-0.0000,0.0002,0.0000
160.0,18.0232,20.9430,-0.0040,1.0000,0.0001,-0.0001,-0.0712,-0.0712,0.0003,0.0000,0.0004,0.0000,0.0000
160.5,18.0232,20.9430,-0.0040,1.0000,0.0001,-0.0000,-0.0712,-0.0712,-0.0000,0.0001,-0.0000,0.0002,0.0000
161.0,18.0232,20.9430,-0.0040,1.0000,0.0001,0.0000,-0.0712,-0.0712,-0.0000,0.0001,-0.0000,0.0002,0.0000
161.5,18.0232,20.9430,-0.0040,1.0000,0.0001,0.0001,-0.0712,-0.0712,-0.0000,0.0001,-0.0000,0.0002,0.0000
162.0,18.0232,20.9430,-0.0040,1.0000,0.0000,0.0000,-0.0712,-0.0712,0.0001,-0.0001,0.0002,-0.0002,0.0000
162.5,18.0232,20.9430,-0.0040,1.0000,-0.0000,-0.0001,-0.0712,-0.0712,0.0001,-0.0001,0.0002,-0.0002,0.0000
163.0,18.0232,20.9430,-0.0040,1.0000,0.0001,-0.0002,-0.0712,-0.0712,0.0003,0.0000,0.0004,0.0000,0.0000
163.5,18.0232,20.9430,-0.0040,1.0000,0.0001,-0.0002,-0.0712,-0.0712,-0.0000,0.0000,-0.0000,0.0000,0.0000
164.0,18.0232,20.9430,-0.0040,1.0000,-0.0000,-0.0002,-0.0712,-0.0712,-0.0003,-0.0001,-0.0004,-0.0002,0.0000
164.5,18.0232,20.9430,-0.0040,1.0000,-0.0001,-0.0001,-0.0712,-0.0712,-0.0000,0.0001,-0.0000,0.0002,0.0000
165.0,18.0232,20.9430,-0.0040,1.0000,0.0001,0.0000,-0.0712,-0.0712,-0.0000,0.0001,-0.0000,0.0002,0.0000
165.5,18.0232,20.9430,-0.0040,1.0000,0.0001,0.0001,-0.0712,-0.0712,-0.0001,0.0003,-0.0002,0.0004,0.0000
166.0,18.0232,20.9430,-0.0040,1.0000,0.0001,0.0002,-0.0712,-0.0712,-0.0000,0.0001,-0.0000,0.0002,0.0000
166.5,18.0232,20.9430,-0.0040,1.0000,0.0000,0.0002,-0.0712,-0.0712,0.0001,0.0000,0.0002,0.0000,0.0000
167.0,18.0232,20.9430,-0.0040,1.0000,0.0001,0.0001,-0.0712,-0.0712,0.0001,0.0000,0.0002,0.0000,0.0000
167.5,18.0232,20.9430,-0.0040,1.0000,0.0001,0.0000,-0.0712,-0.0712,-0.0000,0.0001,-0.0000,0.0002,0.0000
168.0,18.0232,20.9430,-0.0040,1.0000,0.0001,0.0001,-0.0712,-0.0712,-0.0000,0.0001,-0.0000,0.0002,0.0000
168.5,18.0232,20.9430,-0.0040,1.0000,0.0000,0.0001,-0.0712,-0.0712,0.0001,0.0000,0.0002,0.0000,0.0000
169.0,18.0232,20.9430,-0.0040,1.0000,0.0001,0.0000,-0.0712,-0.0712,0.0001,0.0000,0.0002,0.0000,0.0000
169.5,18.0232,20.9430,-0.0040,1.0000,0.0001,-0.0000,-0.0712,-0.0712,0.0001,0.0000,0.0002,0.0000,0.0000
170.0,18.0232,20.9430,-0.0040,1.0000,-0.0001,-0.0001,-0.0712,-0.0712,0.0001,0.0001,0.0002,0.0002,0.0000
170.5,18.0232,20.9430,-0.0040,1.0000,0.0001,-0.0001,-0.0712,-0.0712,-0.0000,0.0000,-0.0000,0.0000,0.0000
171.0,18.0232,20.9430,-0.0040,1.0000,-0.0000,-0.0001,-0.0712,-0.0712,-0.0000,0.0000,-0.0000,0.0000,0.0000
171.5,18.0232,20.9430,-0.0040,1.0000,-0.0000,0.0000,-0.0712,-0.0712,-0.0001,0.0001,-0.0002,0.0002,0.0000
172.0,18.0232,20.9430,-0.0040,1.0000,-0.0000,0.0001,-0.0712,-0.0712,-0.0001,0.0000,-0.0002,0.0000,0.0000
172.5,18.0232,20.9430,-0.0040,1.0000,-0.0000,0.0001,-0.0712,-0.0712,0.0003,-0.0001,0.0004,-0.0002,0.0000
173.0,18.0232,20.9430,-0.0040,1.0000,0.0001,-0.0001,-0.0712,-0.0712,-0.0000,-0.0001,-0.0000,-0.0002,0.0000
173.5,18.0232,20.9430,-0.0040,1.0000,-0.0001,-0.0001,-0.0712,-0.0712,-0.0000,-0.0001,-0.0000,-0.0002,0.0000
174.0,18.0232,20.9430,-0.0040,1.0000,0.0001,-0.0000,-0.0712,-0.0712,-0.0000,0.0003,-0.0000,0.0004,0.0000
174.5,18.0232,20.9430,-0.0040,1.0000,0.0001,0.0001,-0.0712,-0.0712,-0.0000,0.0003,-0.0000,0.0004,0.0000
175.0,18.0232,20.9430,-0.0040,1.0000,-0.0000,0.0001,-0.0712,-0.0712,-0.0001,0.0000,-0.0002,0.0000,0.0000
175.5,18.0232,20.9430,-0.0040,1.0000,-0.0001,0.0001,-0.0712,-0.0712,-0.0001,0.0000,-0.0002,0.0000,0.0000
176.0,18.0232,20.9430,-0.0040,1.0000,0.0000,0.0002,-0.0712,-0.0712,-0.0000,0.0001,-0.0000,0.0002,0.0000
176.5,18.0232,20.9430,-0.0040,1.0000,-0.0000,0.0001,-0.0712,-0.0712,-0.0000,0.0000,-0.0000,0.0000,0.0000
177.0,18.0232,20.9430,-0.0040,1.0000,-0.0000,0.0001,-0.0712,-0.0712,-0.0001,0.0001,-0.0002,0.0002,0.0000
177.5,18.0232,20.9430,-0.0040,1.0000,-0.0001,0.0001,-0.0712,-0.0712,-0.0001,0.0000,-0.0002,0.0000,0.0000
178.0,18.0232,20.9430,-0.0040,1.0000,0.0001,0.0001,-0.0712,-0.0712,0.0001,0.0001,0.0002,0.0002,0.0000
178.5,18.0232,20.9430,-0.0040,1.0000,0.0000,0.0000,-0.0712,-0.0712,0.0001,-0.0001,0.0002,-0.0002,0.0000
179.0,18.0232,20.9430,-0.0040,1.0000,0.0000,-0.0001,-0.0712,-0.0712,0.0003,-0.0001,0.0004,-0.0002,0.0000
179.5,18.0232,20.9430,-0.0040,1.0000,0.0001,-0.0003,-0.0712,-0.0712,0.0003,-0.0001,0.0004,-0.0002,0.0000
180.0,18.0232,20.9430,-0.0040,1.0000,-0.0001,-0.0002,-0.0712,-0.0712,-0.0001,0.0000,-0.0002,0.0000,0.0000
180.5,18.0232,20.9430,-0.0040,1.0000,-0.0001,-0.0001,-0.0712,-0.0712,-0.0001,0.0000,-0.0002,0.0000,0.0000
181.0,18.0232,20.9430,-0.0040,1.0000,-0.0001,-0.0001,-0.0712,-0.0712,-0.0001,-0.0001,-0.0002,-0.0002,0.0000
181.5,18.0232,20.9430,-0.0040,1.0000,-0.0001,-0.0001,-0.0712,-0.0712,-0.0001,-0.0001,-0.0002,-0.0002,0.0000
182.0,18.0232,20.9430,-0.0040,1.0000,0.0001,-0.0001,-0.0712,-0.0712,-0.0000,0.0001,-0.0000,0.0002,0.0000
182.5,18.0232,20.9430,-0.0040,1.0000,0.0000,-0.0000,-0.0712,-0.0712,-0.0000,0.0000,-0.0000,0.0000,0.0000
183.0,18.0232,20.9430,-0.0040,1.0000,0.0000,-0.0000,-0.0712,-0.0712,-0.0000,0.0000,-0.0000,0.0000,0.0000
183.5,18.0232,20.9430,-0.0040,1.0000,0.0000,-0.0000,-0.0712,-0.0712,-0.0000,0.0000,-0.0000,0.0000,0.0000
184.0,18.0232,20.9430,-0.0040,1.0000,0.0000,-0.0000,-0.0712,-0.0712,-0.0000,0.0000,-0.0000,0.0000,0.0000
184.5,18.0232,20.9430,-0.0040,1.0000,0.0000,-0.0000,-0.0712,-0.0712,0.0001,0.0000,0.0002,0.0000,0.0000
185.0,18.0232,20.9430,-0.0040,1.0000,0.0000,-0.0000,-0.0712,-0.0712,-0.0000,0.0001,-0.0000,0.0002,0.0000
185.5,18.0232,20.9430,-0.0040,1.0000,0.0001,-0.0000,-0.0712,-0.0712,0.0001,0.0000,0.0002,0.0000,0.0000
186.0,18.0232,20.9430,-0.0040,1.0000,-0.0000,-0.0000,-0.0712,-0.0712,-0.0000,0.0000,-0.0000,0.0000,0.0000
186.5,18.0232,20.9430,-0.0040,1.0000,-0.0000,-0.0000,-0.0712,-0.0712,0.0001,0.0000,0.0002,0.0000,0.0000
187.0,18.0232,20.9430,-0.0040,1.0000,0.0000,-0.0000,-0.0712,-0.0712,-0.0000,0.0000,-0.0000,0.0000,0.0000
187.5,18.0232,20.9430,-0.0040,1.0000,0.0000,-0.0001,-0.0712,-0.0712,0.0001,0.0000,0.0002,0.0000,0.0000
188.0,18.0232,20.9430,-0.0040,1.0000,0.0001,-0.0001,-0.0712,-0.0712,-0.0001,0.0005,-0.0002,0.0008,0.0000
188.5,18.0232,20.9430,-0.0040,1.0000,-0.0000,0.0001,-0.0712,-0.0712,-0.0000,0.0000,-0.0000,0.0000,0.0000
189.0,18.0232,20.9430,-0.0040,1.0000,0.0001,0.0000,-0.0712,-0.0712,0.0001,0.0000,0.0002,0.0000,0.0000
189.5,18.0232,20.9430,-0.0040,1.0000,-0.0001,-0.0000,-0.0712,-0.0712,-0.0001,-0.0001,-0.0002,-0.0002,0.0000
190.0,18.0232,20.9430,-0.0040,1.0000,0.0001,-0.0001,-0.0712,-0.0712,0.0001,0.0000,0.0002,0.0000,0.0000
190.5,18.0232,20.9430,-0.0040,1.0000,0.0001,-0.0001,-0.0712,-0.0712,0.0001,0.0000,0.0002,0.0000,0.0000
191.0,18.0232,20.9430,-0.0040,1.0000,-0.0000,-0.0001,-0.0712,-0.0712,-0.0001,0.0000,-0.0002,0.0000,0.0000
191.5,18.0232,20.9430,-0.0040,1.0000,-0.0001,-0.0000,-0.0712,-0.0712,-0.0000,0.0000,-0.0000,0.0000,0.0000
192.0,18.0232,20.9430,-0.0040,1.0000,-0.0000,-0.0000,-0.0712,-0.0712,-0.0000,0.0000,-0.0000,0.0000,0.0000
192.5,18.0232,20.9430,-0.0040,1.0000,-0.0001,0.0001,-0.0712,-0.0712,-0.0003,0.0000,-0.0004,0.0000,0.0000
193.0,18.0232,20.9430,-0.0040,1.0000,-0.0000,0.0001,-0.0712,-0.0712,-0.0000,-0.0001,-0.0000,-0.0002,0.0000
193.5,18.0232,20.9430,-0.0040,1.0000,-0.0000,-0.0000,-0.0712,-0.0712,0.0001,-0.0001,0.0002,-0.0002,0.0000
194.0,18.0232,20.9430,-0.0040,1.0000,0.0000,-0.0001,-0.0712,-0.0712,0.0001,-0.0001,0.0002,-0.0002,0.0000
194.5,18.0232,20.9430,-0.0040,1.0000,-0.0000,-0.0002,-0.0712,-0.0712,-0.0000,-0.0001,-0.0000,-0.0002,0.0000
195.0,18.0232,20.9430,-0.0040,1.0000,-0.0000,-0.0002,-0.0712,-0.0712,-0.0000,0.0000,-0.0000,0.0000,0.0000
195.5,18.0232,20.9430,-0.0040,1.0000,0.0000,-0.0001,-0.0712,-0.0712,0.0001,0.0000,0.0002,0.0000,0.0000
196.0,18.0232,20.9430,-0.0040,1.0000,0.0001,-0.0002,-0.0712,-0.0712,-0.0000,-0.0001,-0.0000,-0.0002,0.0000
196.5,18.0232,20.9430,-0.0040,1.0000,-0.0000,-0.0002,-0.0712,-0.0712,0.0003,-0.0003,0.0004,-0.0004,0.0000
197.0,18.0232,20.9430,-0.0040,1.0000,0.0000,-0.0002,-0.0712,-0.0712,-0.0000,0.0000,-0.0000,0.0000,0.0000
197.5,18.0232,20.9430,-0.0040,1.0000,0.0000,-0.0002,-0.0712,-0.0712,-0.0000,0.0000,-0.0000,0.0000,0.0000
198.0,18.0232,20.9430,-0.0040,1.0000,-0.0001,-0.0001,-0.0712,-0.0712,-0.0001,-0.0001,-0.0002,-0.0002,0.0000
198.5,18.0232,20.9430,-0.0040,1.0000,-0.0000,-0.0001,-0.0712,-0.0712,-0.0000,-0.0001,-0.0000,-0.0002,0.0000
199.0,18.0232,20.9430,-0.0040,1.0000,0.0000,-0.0001,-0.0712,-0.0712,0.0001,-0.0001,0.0002,-0.0002,0.0000
199.5,18.0232,20.9430,-0.0040,1.0000,0.0001,-0.0002,-0.0712,-0.0712,0.0001,0.0000,0.0002,0.0000,0.0000
200.0,18.0232,20.9430,-0.0040,1.0000,-0.0001,-0.0001,-0.0712,-0.0712,-0.0001,0.0000,-0.0002,0.0000,0.0000
200.5,18.0232,20.9430,-0.0040,1.0000,-0.0001,-0.0001,-0.0712,-0.0712,-0.0000,-0.0001,-0.0000,-0.0002,0.0000
201.0,18.0232,20.9430,-0.0040,1.0000,-0.0001,-0.0001,-0.0712,-0.0712,-0.0000,-0.0001,-0.0000,-0.0002,0.0000
201.5,18.0232,20.9430,-0.0040,1.0000,-0.0001,-0.0001,-0.0712,-0.0712,-0.0000,-0.0001,-0.0000,-0.0002,0.0000
202.0,18.0232,20.9430,-0.0040,1.0000,-0.0000,-0.0001,-0.0712,-0.0712,-0.0000,0.0000,-0.0000,0.0000,0.0000
202.5,18.0232,20.9430,-0.0040,1.0000,-0.0000,-0.0001,-0.0712,-0.0712,-0.0001,0.0000,-0.0002,0.0000,0.0000
203.0,18.0232,20.9430,-0.0040,1.0000,-0.0000,-0.0001,-0.0712,-0.0712,-0.0001,-0.0001,-0.0002,-0.0002,0.0000
203.5,18.0232,20.9430,-0.0040,1.0000,-0.0000,-0.0001,-0.0712,-0.0712,-0.0000,-0.0003,-0.0000,-0.0004,0.0000
204.0,18.0232,20.9430,-0.0040,1.0000,-0.0001,-0.0002,-0.0712,-0.0712,-0.0000,0.0000,-0.0000,0.0000,0.0000
204.5,18.0232,20.9430,-0.0040,1.0000,0.0000,-0.0001,-0.0712,-0.0712,-0.0000,0.0000,-0.0000,0.0000,0.0000
205.0,18.0232,20.9430,-0.0040,1.0000,0.0000,-0.0001,-0.0712,-0.0712,0.0001,-0.0001,0.0002,-0.0002,0.0000
205.5,18.0232,20.9430,-0.0040,1.0000,0.0000,-0.0002,-0.0712,-0.0712,0.0001,-0.0001,0.0002,-0.0002,0.0000
206.0,18.0232,20.9430,-0.0040,1.0000,-0.0001,-0.0002,-0.0712,-0.0712,-0.0000,0.0000,-0.0000,0.0000,0.0000
206.5,18.0232,20.9430,-0.0040,1.0000,0.0000,-0.0002,-0.0712,-0.0712,-0.0000,0.0000,-0.0000,0.0000,0.0000
207.0,18.0232,20.9430,-0.0040,1.0000,0.0000,-0.0001,-0.0712,-0.0712,-0.0000,0.0000,-0.0000,0.0000,0.0000
207.5,18.0232,20.9430,-0.0040,1.0000,-0.0001,-0.0002,-0.0712,-0.0712,-0.0000,-0.0004,-0.0000,-0.0006,0.0000
208.0,18.0232,20.9430,-0.0040,1.0000,-0.0002,-0.0003,-0.0712,-0.0712,-0.0000,0.0003,-0.0000,0.0004,0.0000
208.5,18.0232,20.9430,-0.0040,1.0000,0.0001,-0.0002,-0.0712,-0.0712,0.0001,-0.0003,0.0002,-0.0004,0.0000
209.0,18.0232,20.9430,-0.0040,1.0000,-0.0001,-0.0002,-0.0712,-0.0712,-0.0001,0.0000,-0.0002,0.0000,0.0000
209.5,18.0232,20.9430,-0.0040,1.0000,-0.0001,-0.0001,-0.0712,-0.0712,-0.0001,0.0000,-0.0002,0.0000,0.0000
210.0,18.0232,20.9430,-0.0040,1.0000,0.0001,-0.0001,-0.0712,-0.0712,0.0001,0.0000,0.0002,0.0000,0.0000
210.5,18.0232,20.9430,-0.0040,1.0000,0.0000,-0.0001,-0.0712,-0.0712,0.0001,0.0000,0.0002,0.0000,0.0000
211.0,18.0232,20.9430,-0.0040,1.0000,0.0001,-0.0001,-0.0712,-0.0712,0.0004,0.0000,0.0006,0.0000,0.0000
211.5,18.0232,20.9430,-0.0040,1.0000,0.0002,-0.0001,-0.0712,-0.0712,-0.0000,0.0004,-0.0000,0.0006,0.0000
212.0,18.0232,20.9430,-0.0040,1.0000,0.0000,0.0000,-0.0712,-0.0712,-0.0004,-0.0001,-0.0006,-0.0002,0.0000
212.5,18.0232,20.9430,-0.0040,1.0000,0.0001,0.0001,-0.0712,-0.0712,-0.0001,0.0000,-0.0002,0.0000,0.0000
213.0,18.0232,20.9430,-0.0040,1.0000,-0.0001,0.0001,-0.0712,-0.0712,-0.0001,0.0000,-0.0002,0.0000,0.0000
213.5,18.0232,20.9430,-0.0040,1.0000,-0.0001,0.0002,-0.0712,-0.0712,-0.0001,0.0000,-0.0002,0.0000,0.0000
214.0,18.0232,20.9430,-0.0040,1.0000,-0.0000,0.0002,-0.0712,-0.0712,-0.0000,0.0000,-0.0000,0.0000,0.0000
214.5,18.0232,20.9430,-0.0040,1.0000,0.0000,0.0001,-0.0712,-0.0712,-0.0000,0.0000,-0.0000,0.0000,0.0000
215.0,18.0232,20.9430,-0.0040,1.0000,0.0000,0.0001,-0.0712,-0.0712,-0.0000,0.0000,-0.0000,0.0000,0.0000
215.5,18.0232,20.9430,-0.0040,1.0000,0.0000,0.0001,-0.0712,-0.0712,-0.0000,0.0000,-0.0000,0.0000,0.0000
216.0,18.0232,20.9430,-0.0040,1.0000,0.0000,0.0001,-0.0712,-0.0712,-0.0000,0.0000,-0.0000,0.0000,0.0000
216.5,18.0232,20.9430,-0.0040,1.0000,0.0000,0.0000,-0.0712,-0.0712,-0.0000,0.0000,-0.0000,0.0000,0.0000
217.0,18.0232,20.9430,-0.0040,1.0000,-0.0000,0.0001,-0.0712,-0.0712,-0.0001,0.0000,-0.0002,0.0000,0.0000
217.5,18.0232,20.9430,-0.0040,1.0000,-0.0000,0.0001,-0.0712,-0.0712,-0.0000,0.0000,-0.0000,0.0000,0.0000
218.0,18.0232,20.9430,-0.0040,1.0000,0.0000,0.0000,-0.0712,-0.0712,-0.0000,0.0000,-0.0000,0.0000,0.0000
218.5,18.0232,20.9430,-0.0040,1.0000,-0.0001,0.0001,-0.0712,-0.0712,-0.0001,0.0000,-0.0002,0.0000,0.0000
219.0,18.0232,20.9430,-0.0040,1.0000,-0.0001,0.0001,-0.0712,-0.0712,-0.0001,0.0000,-0.0002,0.0000,0.0000
219.5,18.0232,20.9430,-0.0040,1.0000,-0.0000,0.0001,-0.0712,-0.0712,-0.0000,0.0000,-0.0000,0.0000,0.0000
220.0,18.0232,20.9430,-0.0040,1.0000,0.0000,0.0001,-0.0712,-0.0712,-0.0000,0.0000,-0.0000,0.0000,0.0000
