time_s,segment,amcl_x,amcl_y,amcl_yaw,start_x,start_y,goal_x,goal_y,cross_track,long_track,lookahead,target_heading,heading_error,remaining_distance,linear_cmd,angular_cmd,safety_stop,finished
1789814129.243197,0,17.848831,20.108042,0.030284,0.000000,0.000000,0.000000,0.000000,0.000000,0.000000,0.000000,0.000000,0.000000,0.000000,0.000000,0.000000,1,0
1789814129.343250,0,17.847519,20.182363,0.017902,0.000000,0.000000,0.000000,0.000000,0.000000,0.000000,0.000000,0.000000,0.000000,0.000000,0.000000,0.000000,1,0
1789814129.443282,0,17.847519,20.182363,0.017902,0.000000,0.000000,0.000000,0.000000,0.000000,0.000000,0.000000,0.000000,0.000000,0.000000,0.000000,0.000000,1,0
1789814129.543224,0,17.847519,20.182363,0.017902,0.000000,0.000000,0.000000,0.000000,0.000000,0.000000,0.000000,0.000000,0.000000,0.000000,0.000000,0.000000,1,0
1789814129.643266,0,17.847519,20.182363,0.017902,0.000000,0.000000,0.000000,0.000000,0.000000,0.000000,0.000000,0.000000,0.000000,0.000000,0.000000,0.000000,1,0
1789814129.743238,0,17.847519,20.182363,0.017902,0.000000,0.000000,0.000000,0.000000,0.000000,0.000000,0.000000,0.000000,0.000000,0.000000,0.000000,0.000000,1,0
1789814129.843257,0,17.847519,20.182363,0.017902,0.000000,0.000000,0.000000,0.000000,0.000000,0.000000,0.000000,0.000000,0.000000,0.000000,0.000000,0.000000,1,0
1789814129.943276,0,17.847519,20.182363,0.017902,0.000000,0.000000,0.000000,0.000000,0.000000,0.000000,0.000000,0.000000,0.000000,0.000000,0.000000,0.000000,1,0
1789814130.043322,0,17.847519,20.182363,0.017902,0.000000,0.000000,0.000000,0.000000,0.000000,0.000000,0.000000,0.000000,0.000000,0.000000,0.000000,0.000000,1,0
1789814130.143279,0,17.847519,20.182363,0.017902,0.000000,0.000000,0.000000,0.000000,0.000000,0.000000,0.000000,0.000000,0.000000,0.000000,0.000000,0.000000,1,0
1789814130.243261,0,17.847519,20.182363,0.017902,0.000000,0.000000,0.000000,0.000000,0.000000,0.000000,0.000000,0.000000,0.000000,0.000000,0.000000,0.000000,1,0
1789814130.343287,0,17.847519,20.182363,0.017902,0.000000,0.000000,0.000000,0.000000,0.000000,0.000000,0.000000,0.000000,0.000000,0.000000,0.000000,0.000000,1,0
1789814130.443288,0,17.847519,20.182363,0.017902,0.000000,0.000000,0.000000,0.000000,0.000000,0.000000,0.000000,0.000000,0.000000,0.000000,0.000000,0.000000,1,0
1789814130.543305,0,17.847519,20.182363,0.017902,0.000000,0.000000,0.000000,0.000000,0.000000,0.000000,0.000000,0.000000,0.000000,0.000000,0.000000,0.000000,1,0
1789814130.643302,0,17.847519,20.182363,0.017902,0.000000,0.000000,0.000000,0.000000,0.000000,0.000000,0.000000,0.000000,0.000000,0.000000,0.000000,0.000000,1,0
1789814130.743249,0,17.847519,20.182363,0.017902,0.000000,0.000000,0.000000,0.000000,0.000000,0.000000,0.000000,0.000000,0.000000,0.000000,0.000000,0.000000,1,0
1789814130.843254,0,17.847519,20.182363,0.017902,0.000000,0.000000,0.000000,0.000000,0.000000,0.000000,0.000000,0.000000,0.000000,0.000000,0.000000,0.000000,1,0
1789814130.943331,0,17.847519,20.182363,0.017902,0.000000,0.000000,0.000000,0.000000,0.000000,0.000000,0.000000,0.000000,0.000000,0.000000,0.000000,0.000000,1,0
1789814131.043380,0,17.847519,20.182363,0.017902,0.000000,0.000000,0.000000,0.000000,0.000000,0.000000,0.000000,0.000000,0.000000,0.000000,0.000000,0.000000,1,0
1789814131.143290,0,17.847519,20.182363,0.017902,0.000000,0.000000,0.000000,0.000000,0.000000,0.000000,0.000000,0.000000,0.000000,0.000000,0.000000,0.000000,1,0
1789814131.243344,0,17.847519,20.182363,0.017902,0.000000,0.000000,0.000000,0.000000,0.000000,0.000000,0.000000,0.000000,0.000000,0.000000,0.000000,0.000000,1,0
1789814131.343364,0,17.847519,20.182363,0.017902,0.000000,0.000000,0.000000,0.000000,0.000000,0.000000,0.000000,0.000000,0.000000,0.000000,0.000000,0.000000,1,0
1789814131.443324,0,17.847519,20.182363,0.017902,0.000000,0.000000,0.000000,0.000000,0.000000,0.000000,0.000000,0.000000,0.000000,0.000000,0.000000,0.000000,1,0
1789814131.543323,0,17.847519,20.182363,0.017902,0.000000,0.000000,0.000000,0.000000,0.000000,0.000000,0.000000,0.000000,0.000000,0.000000,0.000000,0.000000,1,0
1789814131.643361,0,17.847519,20.182363,0.017902,0.000000,0.000000,0.000000,0.000000,0.000000,0.000000,0.000000,0.000000,0.000000,0.000000,0.000000,0.000000,1,0
1789814131.743327,0,17.847519,20.182363,0.017902,0.000000,0.000000,0.000000,0.000000,0.000000,0.000000,0.000000,0.000000,0.000000,0.000000,0.000000,0.000000,1,0
1789814131.843357,0,17.847519,20.182363,0.017902,0.000000,0.000000,0.000000,0.000000,0.000000,0.000000,0.000000,0.000000,0.000000,0.000000,0.000000,0.000000,1,0
1789814131.943359,0,17.847519,20.182363,0.017902,0.000000,0.000000,0.000000,0.000000,0.000000,0.000000,0.000000,0.000000,0.000000,0.000000,0.000000,0.000000,1,0
1789814132.043357,0,17.847519,20.182363,0.017902,0.000000,0.000000,0.000000,0.000000,0.000000,0.000000,0.000000,0.000000,0.000000,0.000000,0.000000,0.000000,1,0
1789814132.143388,0,17.847519,20.182363,0.017902,0.000000,0.000000,0.000000,0.000000,0.000000,0.000000,0.000000,0.000000,0.000000,0.000000,0.000000,0.000000,1,0
1789814132.243358,0,17.847519,20.182363,0.017902,0.000000,0.000000,0.000000,0.000000,0.000000,0.000000,0.000000,0.000000,0.000000,0.000000,0.000000,0.000000,1,0
1789814132.343407,0,17.847519,20.182363,0.017902,0.000000,0.000000,0.000000,0.000000,0.000000,0.000000,0.000000,0.000000,0.000000,0.000000,0.000000,0.000000,1,0
1789814132.443400,0,17.847519,20.182363,0.017902,0.000000,0.000000,0.000000,0.000000,0.000000,0.000000,0.000000,0.000000,0.000000,0.000000,0.000000,0.000000,1,0
1789814132.543394,0,17.847519,20.182363,0.017902,0.000000,0.000000,0.000000,0.000000,0.000000,0.000000,0.000000,0.000000,0.000000,0.000000,0.000000,0.000000,1,0
1789814132.643409,0,17.847519,20.182363,0.017902,0.000000,0.000000,0.000000,0.000000,0.000000,0.000000,0.000000,0.000000,0.000000,0.000000,0.000000,0.000000,1,0
1789814132.743553,0,17.847519,20.182363,0.017902,0.000000,0.000000,0.000000,0.000000,0.000000,0.000000,0.000000,0.000000,0.000000,0.000000,0.000000,0.000000,1,0
1789814132.843433,0,17.847519,20.182363,0.017902,0.000000,0.000000,0.000000,0.000000,0.000000,0.000000,0.000000,0.000000,0.000000,0.000000,0.000000,0.000000,1,0
1789814132.943470,0,17.847519,20.182363,0.017902,0.000000,0.000000,0.000000,0.000000,0.000000,0.000000,0.000000,0.000000,0.000000,0.000000,0.000000,0.000000,1,0
1789814133.043439,0,17.847519,20.182363,0.017902,0.000000,0.000000,0.000000,0.000000,0.000000,0.000000,0.000000,0.000000,0.000000,0.000000,0.000000,0.000000,1,0
1789814133.143380,0,17.847519,20.182363,0.017902,0.000000,0.000000,0.000000,0.000000,0.000000,0.000000,0.000000,0.000000,0.000000,0.000000,0.000000,0.000000,1,0
1789814133.243431,0,17.847519,20.182363,0.017902,0.000000,0.000000,0.000000,0.000000,0.000000,0.000000,0.000000,0.000000,0.000000,0.000000,0.000000,0.000000,1,0
1789814133.344764,0,17.847519,20.182363,0.017902,0.000000,0.000000,0.000000,0.000000,0.000000,0.000000,0.000000,0.000000,0.000000,0.000000,0.000000,0.000000,1,0
1789814133.443405,0,17.847519,20.182363,0.017902,0.000000,0.000000,0.000000,0.000000,0.000000,0.000000,0.000000,0.000000,0.000000,0.000000,0.000000,0.000000,1,0
1789814133.543406,0,17.847519,20.182363,0.017902,0.000000,0.000000,0.000000,0.000000,0.000000,0.000000,0.000000,0.000000,0.000000,0.000000,0.000000,0.000000,1,0
1789814133.643395,0,17.847519,20.182363,0.017902,0.000000,0.000000,0.000000,0.000000,0.000000,0.000000,0.000000,0.000000,0.000000,0.000000,0.000000,0.000000,1,0
1789814133.743523,0,17.847519,20.182363,0.017902,0.000000,0.000000,0.000000,0.000000,0.000000,0.000000,0.000000,0.000000,0.000000,0.000000,0.000000,0.000000,1,0
1789814133.843430,0,17.847519,20.182363,0.017902,0.000000,0.000000,0.000000,0.000000,0.000000,0.000000,0.000000,0.000000,0.000000,0.000000,0.000000,0.000000,1,0
1789814133.943407,0,17.847519,20.182363,0.017902,0.000000,0.000000,0.000000,0.000000,0.000000,0.000000,0.000000,0.000000,0.000000,0.000000,0.000000,0.000000,1,0
1789814134.043491,0,17.847519,20.182363,0.017902,0.000000,0.000000,0.000000,0.000000,0.000000,0.000000,0.000000,0.000000,0.000000,0.000000,0.000000,0.000000,1,0
1789814134.143583,0,17.847519,20.182363,0.017902,0.000000,0.000000,0.000000,0.000000,0.000000,0.000000,0.000000,0.000000,0.000000,0.000000,0.000000,0.000000,1,0
1789814134.243590,0,17.847519,20.182363,0.017902,0.000000,0.000000,0.000000,0.000000,0.000000,0.000000,0.000000,0.000000,0.000000,0.000000,0.000000,0.000000,1,0
1789814134.343457,0,17.847519,20.182363,0.017902,0.000000,0.000000,0.000000,0.000000,0.000000,0.000000,0.000000,0.000000,0.000000,0.000000,0.000000,0.000000,1,0
1789814134.443539,0,17.847519,20.182363,0.017902,0.000000,0.000000,0.000000,0.000000,0.000000,0.000000,0.000000,0.000000,0.000000,0.000000,0.000000,0.000000,1,0
1789814134.543596,0,17.847519,20.182363,0.017902,0.000000,0.000000,0.000000,0.000000,0.000000,0.000000,0.000000,0.000000,0.000000,0.000000,0.000000,0.000000,1,0
1789814134.643435,0,17.847519,20.182363,0.017902,0.000000,0.000000,0.000000,0.000000,0.000000,0.000000,0.000000,0.000000,0.000000,0.000000,0.000000,0.000000,1,0
1789814134.743462,0,17.847519,20.182363,0.017902,0.000000,0.000000,0.000000,0.000000,0.000000,0.000000,0.000000,0.000000,0.000000,0.000000,0.000000,0.000000,1,0
1789814134.846285,0,17.847519,20.182363,0.017902,0.000000,0.000000,0.000000,0.000000,0.000000,0.000000,0.000000,0.000000,0.000000,0.000000,0.000000,0.000000,1,0
1789814134.943488,0,17.847519,20.182363,0.017902,0.000000,0.000000,0.000000,0.000000,0.000000,0.000000,0.000000,0.000000,0.000000,0.000000,0.000000,0.000000,1,0
1789814135.043561,0,17.847519,20.182363,0.017902,0.000000,0.000000,0.000000,0.000000,0.000000,0.000000,0.000000,0.000000,0.000000,0.000000,0.000000,0.000000,1,0
1789814135.143952,0,17.975147,20.754051,-0.004225,0.000000,0.000000,0.000000,0.000000,0.000000,0.000000,0.000000,0.000000,0.000000,0.000000,0.000000,0.000000,1,0
1789814135.243497,0,17.941553,20.733825,-0.006014,0.000000,0.000000,0.000000,0.000000,0.000000,0.000000,0.000000,0.000000,0.000000,0.000000,0.000000,0.000000,1,0
1789814135.343550,0,17.941553,20.733825,-0.006014,0.000000,0.000000,0.000000,0.000000,0.000000,0.000000,0.000000,0.000000,0.000000,0.000000,0.000000,0.000000,1,0
1789814135.443521,0,17.941553,20.733825,-0.006014,0.000000,0.000000,0.000000,0.000000,0.000000,0.000000,0.000000,0.000000,0.000000,0.000000,0.000000,0.000000,1,0
1789814135.543597,0,17.941553,20.733825,-0.006014,0.000000,0.000000,0.000000,0.000000,0.000000,0.000000,0.000000,0.000000,0.000000,0.000000,0.000000,0.000000,1,0
1789814135.643505,0,17.941553,20.733825,-0.006014,0.000000,0.000000,0.000000,0.000000,0.000000,0.000000,0.000000,0.000000,0.000000,0.000000,0.000000,0.000000,1,0
1789814135.743523,0,17.941553,20.733825,-0.006014,0.000000,0.000000,0.000000,0.000000,0.000000,0.000000,0.000000,0.000000,0.000000,0.000000,0.000000,0.000000,1,0
1789814135.843550,0,17.941553,20.733825,-0.006014,0.000000,0.000000,0.000000,0.000000,0.000000,0.000000,0.000000,0.000000,0.000000,0.000000,0.000000,0.000000,1,0
1789814135.943545,0,17.941553,20.733825,-0.006014,0.000000,0.000000,0.000000,0.000000,0.000000,0.000000,0.000000,0.000000,0.000000,0.000000,0.000000,0.000000,1,0
1789814136.043558,0,17.941553,20.733825,-0.006014,0.000000,0.000000,0.000000,0.000000,0.000000,0.000000,0.000000,0.000000,0.000000,0.000000,0.000000,0.000000,1,0
1789814136.150532,0,17.941553,20.733825,-0.006014,0.000000,0.000000,0.000000,0.000000,0.000000,0.000000,0.000000,0.000000,0.000000,0.000000,0.000000,0.000000,1,0
1789814136.243629,0,17.941553,20.733825,-0.006014,0.000000,0.000000,0.000000,0.000000,0.000000,0.000000,0.000000,0.000000,0.000000,0.000000,0.000000,0.000000,1,0
1789814136.343525,0,17.941553,20.733825,-0.006014,0.000000,0.000000,0.000000,0.000000,0.000000,0.000000,0.000000,0.000000,0.000000,0.000000,0.000000,0.000000,1,0
1789814136.443602,0,17.941553,20.733825,-0.006014,0.000000,0.000000,0.000000,0.000000,0.000000,0.000000,0.000000,0.000000,0.000000,0.000000,0.000000,0.000000,1,0
1789814136.543556,0,17.941553,20.733825,-0.006014,0.000000,0.000000,0.000000,0.000000,0.000000,0.000000,0.000000,0.000000,0.000000,0.000000,0.000000,0.000000,1,0
1789814136.643559,0,17.941553,20.733825,-0.006014,0.000000,0.000000,0.000000,0.000000,0.000000,0.000000,0.000000,0.000000,0.000000,0.000000,0.000000,0.000000,1,0
1789814136.743559,0,17.941553,20.733825,-0.006014,0.000000,0.000000,0.000000,0.000000,0.000000,0.000000,0.000000,0.000000,0.000000,0.000000,0.000000,0.000000,1,0
1789814136.843565,0,17.941553,20.733825,-0.006014,0.000000,0.000000,0.000000,0.000000,0.000000,0.000000,0.000000,0.000000,0.000000,0.000000,0.000000,0.000000,1,0
1789814136.943617,0,17.941553,20.733825,-0.006014,0.000000,0.000000,0.000000,0.000000,0.000000,0.000000,0.000000,0.000000,0.000000,0.000000,0.000000,0.000000,1,0
1789814137.043617,0,17.941553,20.733825,-0.006014,0.000000,0.000000,0.000000,0.000000,0.000000,0.000000,0.000000,0.000000,0.000000,0.000000,0.000000,0.000000,1,0
1789814137.143800,0,17.941553,20.733825,-0.006014,0.000000,0.000000,0.000000,0.000000,0.000000,0.000000,0.000000,0.000000,0.000000,0.000000,0.000000,0.000000,1,0
1789814137.243691,0,17.941553,20.733825,-0.006014,0.000000,0.000000,0.000000,0.000000,0.000000,0.000000,0.000000,0.000000,0.000000,0.000000,0.000000,0.000000,1,0
1789814137.343630,0,17.941553,20.733825,-0.006014,0.000000,0.000000,0.000000,0.000000,0.000000,0.000000,0.000000,0.000000,0.000000,0.000000,0.000000,0.000000,0,0
1789814137.443607,0,17.941553,20.733825,-0.006014,0.000000,0.000000,0.000000,0.000000,0.000000,0.000000,0.000000,0.000000,0.000000,0.000000,0.000000,0.000000,0,0
1789814137.543598,0,17.941553,20.733825,-0.006014,0.000000,0.000000,0.000000,0.000000,0.000000,0.000000,0.000000,0.000000,0.000000,0.000000,0.000000,0.000000,1,0
1789814137.643605,0,17.941553,20.733825,-0.006014,0.000000,0.000000,0.000000,0.000000,0.000000,0.000000,0.000000,0.000000,0.000000,0.000000,0.000000,0.000000,1,0
1789814137.743682,0,17.941553,20.733825,-0.006014,0.000000,0.000000,0.000000,0.000000,0.000000,0.000000,0.000000,0.000000,0.000000,0.000000,0.000000,0.000000,1,0
1789814137.843681,0,17.941553,20.733825,-0.006014,0.000000,0.000000,0.000000,0.000000,0.000000,0.000000,0.000000,0.000000,0.000000,0.000000,0.000000,0.000000,0,0
1789814137.943682,0,17.941553,20.733825,-0.006014,0.000000,0.000000,0.000000,0.000000,0.000000,0.000000,0.000000,0.000000,0.000000,0.000000,0.000000,0.000000,0,0
1789814138.043679,0,17.941553,20.733825,-0.006014,0.000000,0.000000,0.000000,0.000000,0.000000,0.000000,0.000000,0.000000,0.000000,0.000000,0.000000,0.000000,0,0
1789814138.143675,0,17.941553,20.733825,-0.006014,0.000000,0.000000,0.000000,0.000000,0.000000,0.000000,0.000000,0.000000,0.000000,0.000000,0.000000,0.000000,0,0
1789814138.243569,0,17.941553,20.733825,-0.006014,0.000000,0.000000,0.000000,0.000000,0.000000,0.000000,0.000000,0.000000,0.000000,0.000000,0.000000,0.000000,0,0
1789814138.343650,0,17.941553,20.733825,-0.006014,0.000000,0.000000,0.000000,0.000000,0.000000,0.000000,0.000000,0.000000,0.000000,0.000000,0.000000,0.000000,0,0
1789814138.443644,0,17.941553,20.733825,-0.006014,0.000000,0.000000,0.000000,0.000000,0.000000,0.000000,0.000000,0.000000,0.000000,0.000000,0.000000,0.000000,0,0
1789814138.543673,0,17.941553,20.733825,-0.006014,0.000000,0.000000,0.000000,0.000000,0.000000,0.000000,0.000000,0.000000,0.000000,0.000000,0.000000,0.000000,0,0
1789814138.643669,0,17.941553,20.733825,-0.006014,0.000000,0.000000,0.000000,0.000000,0.000000,0.000000,0.000000,0.000000,0.000000,0.000000,0.000000,0.000000,0,0
1789814138.743681,0,17.941553,20.733825,-0.006014,0.000000,0.000000,0.000000,0.000000,0.000000,0.000000,0.000000,0.000000,0.000000,0.000000,0.000000,0.000000,0,0
1789814138.843706,0,17.941553,20.733825,-0.006014,0.000000,0.000000,0.000000,0.000000,0.000000,0.000000,0.000000,0.000000,0.000000,0.000000,0.000000,0.000000,0,0
1789814138.943663,0,17.941553,20.733825,-0.006014,0.000000,0.000000,0.000000,0.000000,0.000000,0.000000,0.000000,0.000000,0.000000,0.000000,0.000000,0.000000,0,0
1789814139.043715,0,17.941553,20.733825,-0.006014,0.000000,0.000000,0.000000,0.000000,0.000000,0.000000,0.000000,0.000000,0.000000,0.000000,0.000000,0.000000,0,0
1789814139.143800,0,17.941553,20.733825,-0.006014,0.000000,0.000000,0.000000,0.000000,0.000000,0.000000,0.000000,0.000000,0.000000,0.000000,0.000000,0.000000,0,0
1789814139.244763,0,17.941553,20.733825,-0.006014,0.000000,0.000000,0.000000,0.000000,0.000000,0.000000,0.000000,0.000000,0.000000,0.000000,0.000000,0.000000,0,0
1789814139.343704,0,17.941553,20.733825,-0.006014,0.000000,0.000000,0.000000,0.000000,0.000000,0.000000,0.000000,0.000000,0.000000,0.000000,0.000000,0.000000,0,0
1789814139.443749,0,17.941553,20.733825,-0.006014,0.000000,0.000000,0.000000,0.000000,0.000000,0.000000,0.000000,0.000000,0.000000,0.000000,0.000000,0.000000,0,0
1789814139.543705,0,17.941553,20.733825,-0.006014,0.000000,0.000000,0.000000,0.000000,0.000000,0.000000,0.000000,0.000000,0.000000,0.000000,0.000000,0.000000,0,0
1789814139.643738,0,17.941553,20.733825,-0.006014,0.000000,0.000000,0.000000,0.000000,0.000000,0.000000,0.000000,0.000000,0.000000,0.000000,0.000000,0.000000,0,0
1789814139.743743,0,17.941553,20.733825,-0.006014,0.000000,0.000000,0.000000,0.000000,0.000000,0.000000,0.000000,0.000000,0.000000,0.000000,0.000000,0.000000,0,0
1789814139.843716,0,17.941553,20.733825,-0.006014,0.000000,0.000000,0.000000,0.000000,0.000000,0.000000,0.000000,0.000000,0.000000,0.000000,0.000000,0.000000,0,0
1789814139.943748,0,17.941553,20.733825,-0.006014,0.000000,0.000000,0.000000,0.000000,0.000000,0.000000,0.000000,0.000000,0.000000,0.000000,0.000000,0.000000,0,0
1789814140.043746,0,17.941553,20.733825,-0.006014,0.000000,0.000000,0.000000,0.000000,0.000000,0.000000,0.000000,0.000000,0.000000,0.000000,0.000000,0.000000,0,0
1789814140.146289,0,17.941553,20.733825,-0.006014,0.000000,0.000000,0.000000,0.000000,0.000000,0.000000,0.000000,0.000000,0.000000,0.000000,0.000000,0.000000,0,0
1789814140.243798,0,17.941553,20.733825,-0.006014,0.000000,0.000000,0.000000,0.000000,0.000000,0.000000,0.000000,0.000000,0.000000,0.000000,0.000000,0.000000,0,0
1789814140.344109,0,17.941553,20.733825,-0.006014,0.000000,0.000000,0.000000,0.000000,0.000000,0.000000,0.000000,0.000000,0.000000,0.000000,0.000000,0.000000,0,0
1789814140.443764,0,17.941553,20.733825,-0.006014,0.000000,0.000000,0.000000,0.000000,0.000000,0.000000,0.000000,0.000000,0.000000,0.000000,0.000000,0.000000,0,0
1789814140.543794,0,17.941553,20.733825,-0.006014,0.000000,0.000000,0.000000,0.000000,0.000000,0.000000,0.000000,0.000000,0.000000,0.000000,0.000000,0.000000,0,0
1789814140.643772,0,17.941553,20.733825,-0.006014,0.000000,0.000000,0.000000,0.000000,0.000000,0.000000,0.000000,0.000000,0.000000,0.000000,0.000000,0.000000,0,0
1789814140.743785,0,17.941553,20.733825,-0.006014,0.000000,0.000000,0.000000,0.000000,0.000000,0.000000,0.000000,0.000000,0.000000,0.000000,0.000000,0.000000,0,0
1789814140.843761,0,17.941553,20.733825,-0.006014,0.000000,0.000000,0.000000,0.000000,0.000000,0.000000,0.000000,0.000000,0.000000,0.000000,0.000000,0.000000,0,0
1789814140.943763,0,17.941553,20.733825,-0.006014,0.000000,0.000000,0.000000,0.000000,0.000000,0.000000,0.000000,0.000000,0.000000,0.000000,0.000000,0.000000,0,0
1789814141.043781,0,17.941553,20.733825,-0.006014,0.000000,0.000000,0.000000,0.000000,0.000000,0.000000,0.000000,0.000000,0.000000,0.000000,0.000000,0.000000,0,0
1789814141.143803,0,17.941553,20.733825,-0.006014,0.000000,0.000000,0.000000,0.000000,0.000000,0.000000,0.000000,0.000000,0.000000,0.000000,0.000000,0.000000,0,0
1789814141.243801,0,17.941553,20.733825,-0.006014,0.000000,0.000000,0.000000,0.000000,0.000000,0.000000,0.000000,0.000000,0.000000,0.000000,0.000000,0.000000,0,0
1789814141.343805,0,17.941553,20.733825,-0.006014,0.000000,0.000000,0.000000,0.000000,0.000000,0.000000,0.000000,0.000000,0.000000,0.000000,0.000000,0.000000,0,0
1789814141.443827,0,17.941553,20.733825,-0.006014,0.000000,0.000000,0.000000,0.000000,0.000000,0.000000,0.000000,0.000000,0.000000,0.000000,0.000000,0.000000,0,0
1789814141.543836,0,17.941553,20.733825,-0.006014,0.000000,0.000000,0.000000,0.000000,0.000000,0.000000,0.000000,0.000000,0.000000,0.000000,0.000000,0.000000,0,0
1789814141.643880,0,17.941553,20.733825,-0.006014,0.000000,0.000000,0.000000,0.000000,0.000000,0.000000,0.000000,0.000000,0.000000,0.000000,0.000000,0.000000,0,0
1789814141.744024,0,17.941553,20.733825,-0.006014,0.000000,0.000000,0.000000,0.000000,0.000000,0.000000,0.000000,0.000000,0.000000,0.000000,0.000000,0.000000,0,0
1789814141.843853,0,17.941553,20.733825,-0.006014,0.000000,0.000000,0.000000,0.000000,0.000000,0.000000,0.000000,0.000000,0.000000,0.000000,0.000000,0.000000,0,0
1789814141.943886,0,17.941553,20.733825,-0.006014,0.000000,0.000000,0.000000,0.000000,0.000000,0.000000,0.000000,0.000000,0.000000,0.000000,0.000000,0.000000,0,0
1789814142.043889,0,17.941553,20.733825,-0.006014,0.000000,0.000000,0.000000,0.000000,0.000000,0.000000,0.000000,0.000000,0.000000,0.000000,0.000000,0.000000,0,0
1789814142.143859,0,17.941553,20.733825,-0.006014,0.000000,0.000000,0.000000,0.000000,0.000000,0.000000,0.000000,0.000000,0.000000,0.000000,0.000000,0.000000,0,0
1789814142.243916,0,17.941553,20.733825,-0.006014,0.000000,0.000000,0.000000,0.000000,0.000000,0.000000,0.000000,0.000000,0.000000,0.000000,0.000000,0.000000,0,0
1789814142.343805,0,17.941553,20.733825,-0.006014,0.000000,0.000000,0.000000,0.000000,0.000000,0.000000,0.000000,0.000000,0.000000,0.000000,0.000000,0.000000,0,0
1789814142.443865,0,17.941553,20.733825,-0.006014,0.000000,0.000000,0.000000,0.000000,0.000000,0.000000,0.000000,0.000000,0.000000,0.000000,0.000000,0.000000,0,0
1789814142.543925,0,17.941553,20.733825,-0.006014,0.000000,0.000000,0.000000,0.000000,0.000000,0.000000,0.000000,0.000000,0.000000,0.000000,0.000000,0.000000,0,0
1789814142.643901,0,17.941553,20.733825,-0.006014,0.000000,0.000000,0.000000,0.000000,0.000000,0.000000,0.000000,0.000000,0.000000,0.000000,0.000000,0.000000,0,0
1789814142.743900,0,17.941553,20.733825,-0.006014,0.000000,0.000000,0.000000,0.000000,0.000000,0.000000,0.000000,0.000000,0.000000,0.000000,0.000000,0.000000,0,0
1789814142.843896,0,17.941553,20.733825,-0.006014,0.000000,0.000000,0.000000,0.000000,0.000000,0.000000,0.000000,0.000000,0.000000,0.000000,0.000000,0.000000,0,0
1789814142.943877,0,17.941553,20.733825,-0.006014,0.000000,0.000000,0.000000,0.000000,0.000000,0.000000,0.000000,0.000000,0.000000,0.000000,0.000000,0.000000,0,0
1789814143.044842,0,17.941553,20.733825,-0.006014,0.000000,0.000000,0.000000,0.000000,0.000000,0.000000,0.000000,0.000000,0.000000,0.000000,0.000000,0.000000,0,0
1789814143.143933,0,17.941553,20.733825,-0.006014,0.000000,0.000000,0.000000,0.000000,0.000000,0.000000,0.000000,0.000000,0.000000,0.000000,0.000000,0.000000,0,0
1789814143.243977,0,17.941553,20.733825,-0.006014,0.000000,0.000000,0.000000,0.000000,0.000000,0.000000,0.000000,0.000000,0.000000,0.000000,0.000000,0.000000,0,0
1789814143.343917,0,17.941553,20.733825,-0.006014,0.000000,0.000000,0.000000,0.000000,0.000000,0.000000,0.000000,0.000000,0.000000,0.000000,0.000000,0.000000,0,0
1789814143.443902,0,17.941553,20.733825,-0.006014,0.000000,0.000000,0.000000,0.000000,0.000000,0.000000,0.000000,0.000000,0.000000,0.000000,0.000000,0.000000,0,0
1789814143.543928,0,17.941553,20.733825,-0.006014,0.000000,0.000000,0.000000,0.000000,0.000000,0.000000,0.000000,0.000000,0.000000,0.000000,0.000000,0.000000,0,0
1789814143.643950,0,17.941553,20.733825,-0.006014,0.000000,0.000000,0.000000,0.000000,0.000000,0.000000,0.000000,0.000000,0.000000,0.000000,0.000000,0.000000,0,0
1789814143.744018,0,17.941553,20.733825,-0.006014,0.000000,0.000000,0.000000,0.000000,0.000000,0.000000,0.000000,0.000000,0.000000,0.000000,0.000000,0.000000,0,0
1789814143.843993,0,17.941553,20.733825,-0.006014,0.000000,0.000000,0.000000,0.000000,0.000000,0.000000,0.000000,0.000000,0.000000,0.000000,0.000000,0.000000,0,0
1789814143.944004,0,17.941553,20.733825,-0.006014,0.000000,0.000000,0.000000,0.000000,0.000000,0.000000,0.000000,0.000000,0.000000,0.000000,0.000000,0.000000,0,0
1789814144.044029,0,17.941553,20.733825,-0.006014,0.000000,0.000000,0.000000,0.000000,0.000000,0.000000,0.000000,0.000000,0.000000,0.000000,0.000000,0.000000,0,0
1789814144.144264,0,17.941553,20.733825,-0.006014,0.000000,0.000000,0.000000,0.000000,0.000000,0.000000,0.000000,0.000000,0.000000,0.000000,0.000000,0.000000,0,0
1789814144.243989,0,17.941553,20.733825,-0.006014,0.000000,0.000000,0.000000,0.000000,0.000000,0.000000,0.000000,0.000000,0.000000,0.000000,0.000000,0.000000,0,0
1789814144.343985,0,17.941553,20.733825,-0.006014,0.000000,0.000000,0.000000,0.000000,0.000000,0.000000,0.000000,0.000000,0.000000,0.000000,0.000000,0.000000,0,0
1789814144.444025,0,17.941553,20.733825,-0.006014,0.000000,0.000000,0.000000,0.000000,0.000000,0.000000,0.000000,0.000000,0.000000,0.000000,0.000000,0.000000,0,0
1789814144.544013,0,17.941553,20.733825,-0.006014,0.000000,0.000000,0.000000,0.000000,0.000000,0.000000,0.000000,0.000000,0.000000,0.000000,0.000000,0.000000,0,0
1789814144.644241,0,17.941553,20.733825,-0.006014,0.000000,0.000000,0.000000,0.000000,0.000000,0.000000,0.000000,0.000000,0.000000,0.000000,0.000000,0.000000,0,0
1789814144.744022,0,17.941553,20.733825,-0.006014,0.000000,0.000000,0.000000,0.000000,0.000000,0.000000,0.000000,0.000000,0.000000,0.000000,0.000000,0.000000,0,0
1789814144.844033,0,17.941553,20.733825,-0.006014,0.000000,0.000000,0.000000,0.000000,0.000000,0.000000,0.000000,0.000000,0.000000,0.000000,0.000000,0.000000,0,0
1789814144.944004,0,17.941553,20.733825,-0.006014,0.000000,0.000000,0.000000,0.000000,0.000000,0.000000,0.000000,0.000000,0.000000,0.000000,0.000000,0.000000,0,0
1789814145.044045,0,17.941553,20.733825,-0.006014,0.000000,0.000000,0.000000,0.000000,0.000000,0.000000,0.000000,0.000000,0.000000,0.000000,0.000000,0.000000,0,0
1789814145.144011,0,17.941553,20.733825,-0.006014,0.000000,0.000000,0.000000,0.000000,0.000000,0.000000,0.000000,0.000000,0.000000,0.000000,0.000000,0.000000,0,0
1789814145.244056,0,17.941553,20.733825,-0.006014,0.000000,0.000000,0.000000,0.000000,0.000000,0.000000,0.000000,0.000000,0.000000,0.000000,0.000000,0.000000,0,0
1789814145.344080,0,17.941553,20.733825,-0.006014,0.000000,0.000000,0.000000,0.000000,0.000000,0.000000,0.000000,0.000000,0.000000,0.000000,0.000000,0.000000,0,0
1789814145.444044,0,17.941553,20.733825,-0.006014,0.000000,0.000000,0.000000,0.000000,0.000000,0.000000,0.000000,0.000000,0.000000,0.000000,0.000000,0.000000,0,0
1789814145.544244,0,17.941553,20.733825,-0.006014,0.000000,0.000000,0.000000,0.000000,0.000000,0.000000,0.000000,0.000000,0.000000,0.000000,0.000000,0.000000,0,0
1789814145.644026,0,17.941553,20.733825,-0.006014,0.000000,0.000000,0.000000,0.000000,0.000000,0.000000,0.000000,0.000000,0.000000,0.000000,0.000000,0.000000,0,0
1789814145.744090,0,17.941553,20.733825,-0.006014,0.000000,0.000000,0.000000,0.000000,0.000000,0.000000,0.000000,0.000000,0.000000,0.000000,0.000000,0.000000,0,0
1789814145.844088,0,17.941553,20.733825,-0.006014,0.000000,0.000000,0.000000,0.000000,0.000000,0.000000,0.000000,0.000000,0.000000,0.000000,0.000000,0.000000,0,0
1789814145.944045,0,17.941553,20.733825,-0.006014,0.000000,0.000000,0.000000,0.000000,0.000000,0.000000,0.000000,0.000000,0.000000,0.000000,0.000000,0.000000,0,0
1789814146.044079,0,17.941553,20.733825,-0.006014,0.000000,0.000000,0.000000,0.000000,0.000000,0.000000,0.000000,0.000000,0.000000,0.000000,0.000000,0.000000,0,0
1789814146.144083,0,17.941553,20.733825,-0.006014,0.000000,0.000000,0.000000,0.000000,0.000000,0.000000,0.000000,0.000000,0.000000,0.000000,0.000000,0.000000,0,0
1789814146.244127,0,17.941553,20.733825,-0.006014,0.000000,0.000000,0.000000,0.000000,0.000000,0.000000,0.000000,0.000000,0.000000,0.000000,0.000000,0.000000,0,0
1789814146.344052,0,17.941553,20.733825,-0.006014,0.000000,0.000000,0.000000,0.000000,0.000000,0.000000,0.000000,0.000000,0.000000,0.000000,0.000000,0.000000,0,0
1789814146.444105,0,17.941553,20.733825,-0.006014,0.000000,0.000000,0.000000,0.000000,0.000000,0.000000,0.000000,0.000000,0.000000,0.000000,0.000000,0.000000,0,0
1789814146.544110,0,17.941553,20.733825,-0.006014,0.000000,0.000000,0.000000,0.000000,0.000000,0.000000,0.000000,0.000000,0.000000,0.000000,0.000000,0.000000,0,0
1789814146.644062,0,17.941553,20.733825,-0.006014,0.000000,0.000000,0.000000,0.000000,0.000000,0.000000,0.000000,0.000000,0.000000,0.000000,0.000000,0.000000,0,0
1789814146.744044,0,17.941553,20.733825,-0.006014,0.000000,0.000000,0.000000,0.000000,0.000000,0.000000,0.000000,0.000000,0.000000,0.000000,0.000000,0.000000,0,0
1789814146.844159,0,17.941553,20.733825,-0.006014,0.000000,0.000000,0.000000,0.000000,0.000000,0.000000,0.000000,0.000000,0.000000,0.000000,0.000000,0.000000,0,0
1789814146.944202,0,17.941553,20.733825,-0.006014,0.000000,0.000000,0.000000,0.000000,0.000000,0.000000,0.000000,0.000000,0.000000,0.000000,0.000000,0.000000,0,0
1789814147.044149,0,17.941553,20.733825,-0.006014,0.000000,0.000000,0.000000,0.000000,0.000000,0.000000,0.000000,0.000000,0.000000,0.000000,0.000000,0.000000,0,0
1789814147.144212,0,17.941553,20.733825,-0.006014,0.000000,0.000000,0.000000,0.000000,0.000000,0.000000,0.000000,0.000000,0.000000,0.000000,0.000000,0.000000,0,0
1789814147.244123,0,17.941553,20.733825,-0.006014,0.000000,0.000000,0.000000,0.000000,0.000000,0.000000,0.000000,0.000000,0.000000,0.000000,0.000000,0.000000,0,0
1789814147.344128,0,17.941553,20.733825,-0.006014,0.000000,0.000000,0.000000,0.000000,0.000000,0.000000,0.000000,0.000000,0.000000,0.000000,0.000000,0.000000,0,0
1789814147.445282,0,17.941553,20.733825,-0.006014,0.000000,0.000000,0.000000,0.000000,0.000000,0.000000,0.000000,0.000000,0.000000,0.000000,0.000000,0.000000,0,0
1789814147.544144,0,17.941553,20.733825,-0.006014,0.000000,0.000000,0.000000,0.000000,0.000000,0.000000,0.000000,0.000000,0.000000,0.000000,0.000000,0.000000,0,0
1789814147.644157,0,17.941553,20.733825,-0.006014,0.000000,0.000000,0.000000,0.000000,0.000000,0.000000,0.000000,0.000000,0.000000,0.000000,0.000000,0.000000,0,0
1789814147.744136,0,17.941553,20.733825,-0.006014,0.000000,0.000000,0.000000,0.000000,0.000000,0.000000,0.000000,0.000000,0.000000,0.000000,0.000000,0.000000,0,0
1789814147.844161,0,17.941553,20.733825,-0.006014,0.000000,0.000000,0.000000,0.000000,0.000000,0.000000,0.000000,0.000000,0.000000,0.000000,0.000000,0.000000,0,0
1789814147.944340,0,17.941553,20.733825,-0.006014,0.000000,0.000000,0.000000,0.000000,0.000000,0.000000,0.000000,0.000000,0.000000,0.000000,0.000000,0.000000,0,0
1789814148.044173,0,17.941553,20.733825,-0.006014,0.000000,0.000000,0.000000,0.000000,0.000000,0.000000,0.000000,0.000000,0.000000,0.000000,0.000000,0.000000,0,0
1789814148.144148,0,17.941553,20.733825,-0.006014,0.000000,0.000000,0.000000,0.000000,0.000000,0.000000,0.000000,0.000000,0.000000,0.000000,0.000000,0.000000,0,0
1789814148.244141,0,17.941553,20.733825,-0.006014,0.000000,0.000000,0.000000,0.000000,0.000000,0.000000,0.000000,0.000000,0.000000,0.000000,0.000000,0.000000,0,0
1789814148.344181,0,17.941553,20.733825,-0.006014,0.000000,0.000000,0.000000,0.000000,0.000000,0.000000,0.000000,0.000000,0.000000,0.000000,0.000000,0.000000,0,0
1789814148.444199,0,17.941553,20.733825,-0.006014,0.000000,0.000000,0.000000,0.000000,0.000000,0.000000,0.000000,0.000000,0.000000,0.000000,0.000000,0.000000,0,0
1789814148.544211,0,17.941553,20.733825,-0.006014,0.000000,0.000000,0.000000,0.000000,0.000000,0.000000,0.000000,0.000000,0.000000,0.000000,0.000000,0.000000,0,0
1789814148.644223,0,17.941553,20.733825,-0.006014,0.000000,0.000000,0.000000,0.000000,0.000000,0.000000,0.000000,0.000000,0.000000,0.000000,0.000000,0.000000,0,0
1789814148.744204,0,17.941553,20.733825,-0.006014,0.000000,0.000000,0.000000,0.000000,0.000000,0.000000,0.000000,0.000000,0.000000,0.000000,0.000000,0.000000,0,0
1789814148.844189,0,17.941553,20.733825,-0.006014,0.000000,0.000000,0.000000,0.000000,0.000000,0.000000,0.000000,0.000000,0.000000,0.000000,0.000000,0.000000,0,0
1789814148.944206,0,17.941553,20.733825,-0.006014,0.000000,0.000000,0.000000,0.000000,0.000000,0.000000,0.000000,0.000000,0.000000,0.000000,0.000000,0.000000,0,0
1789814149.044192,0,17.941553,20.733825,-0.006014,0.000000,0.000000,0.000000,0.000000,0.000000,0.000000,0.000000,0.000000,0.000000,0.000000,0.000000,0.000000,0,0
1789814149.144206,0,17.941553,20.733825,-0.006014,0.000000,0.000000,0.000000,0.000000,0.000000,0.000000,0.000000,0.000000,0.000000,0.000000,0.000000,0.000000,0,0
1789814149.244239,0,17.941553,20.733825,-0.006014,0.000000,0.000000,0.000000,0.000000,0.000000,0.000000,0.000000,0.000000,0.000000,0.000000,0.000000,0.000000,0,0
1789814149.344253,0,17.941553,20.733825,-0.006014,0.000000,0.000000,0.000000,0.000000,0.000000,0.000000,0.000000,0.000000,0.000000,0.000000,0.000000,0.000000,0,0
1789814149.444230,0,17.941553,20.733825,-0.006014,0.000000,0.000000,0.000000,0.000000,0.000000,0.000000,0.000000,0.000000,0.000000,0.000000,0.000000,0.000000,0,0
1789814149.544288,0,17.941553,20.733825,-0.006014,0.000000,0.000000,0.000000,0.000000,0.000000,0.000000,0.000000,0.000000,0.000000,0.000000,0.000000,0.000000,0,0
1789814149.644233,0,17.941553,20.733825,-0.006014,0.000000,0.000000,0.000000,0.000000,0.000000,0.000000,0.000000,0.000000,0.000000,0.000000,0.000000,0.000000,0,0
1789814149.744289,0,17.941553,20.733825,-0.006014,0.000000,0.000000,0.000000,0.000000,0.000000,0.000000,0.000000,0.000000,0.000000,0.000000,0.000000,0.000000,0,0
1789814149.844250,0,17.941553,20.733825,-0.006014,0.000000,0.000000,0.000000,0.000000,0.000000,0.000000,0.000000,0.000000,0.000000,0.000000,0.000000,0.000000,0,0
1789814149.944244,0,17.941553,20.733825,-0.006014,0.000000,0.000000,0.000000,0.000000,0.000000,0.000000,0.000000,0.000000,0.000000,0.000000,0.000000,0.000000,0,0
1789814150.044255,0,17.941553,20.733825,-0.006014,0.000000,0.000000,0.000000,0.000000,0.000000,0.000000,0.000000,0.000000,0.000000,0.000000,0.000000,0.000000,0,0
1789814150.144359,0,17.941553,20.733825,-0.006014,0.000000,0.000000,0.000000,0.000000,0.000000,0.000000,0.000000,0.000000,0.000000,0.000000,0.000000,0.000000,0,0
1789814150.244585,0,17.941553,20.733825,-0.006014,0.000000,0.000000,0.000000,0.000000,0.000000,0.000000,0.000000,0.000000,0.000000,0.000000,0.000000,0.000000,0,0
1789814150.344368,0,17.941553,20.733825,-0.006014,0.000000,0.000000,0.000000,0.000000,0.000000,0.000000,0.000000,0.000000,0.000000,0.000000,0.000000,0.000000,0,0
1789814150.444348,0,17.941553,20.733825,-0.006014,0.000000,0.000000,0.000000,0.000000,0.000000,0.000000,0.000000,0.000000,0.000000,0.000000,0.000000,0.000000,0,0
1789814150.544447,0,17.941553,20.733825,-0.006014,0.000000,0.000000,0.000000,0.000000,0.000000,0.000000,0.000000,0.000000,0.000000,0.000000,0.000000,0.000000,0,0
1789814150.644297,0,17.941553,20.733825,-0.006014,0.000000,0.000000,0.000000,0.000000,0.000000,0.000000,0.000000,0.000000,0.000000,0.000000,0.000000,0.000000,0,0
1789814150.744288,0,17.941553,20.733825,-0.006014,0.000000,0.000000,0.000000,0.000000,0.000000,0.000000,0.000000,0.000000,0.000000,0.000000,0.000000,0.000000,0,0
1789814150.844325,0,17.941553,20.733825,-0.006014,0.000000,0.000000,0.000000,0.000000,0.000000,0.000000,0.000000,0.000000,0.000000,0.000000,0.000000,0.000000,0,0
1789814150.944368,0,17.941553,20.733825,-0.006014,0.000000,0.000000,0.000000,0.000000,0.000000,0.000000,0.000000,0.000000,0.000000,0.000000,0.000000,0.000000,0,0
1789814151.044353,0,17.941553,20.733825,-0.006014,0.000000,0.000000,0.000000,0.000000,0.000000,0.000000,0.000000,0.000000,0.000000,0.000000,0.000000,0.000000,0,0
1789814151.144441,0,17.941553,20.733825,-0.006014,0.000000,0.000000,0.000000,0.000000,0.000000,0.000000,0.000000,0.000000,0.000000,0.000000,0.000000,0.000000,0,0
1789814151.244356,0,17.941553,20.733825,-0.006014,0.000000,0.000000,0.000000,0.000000,0.000000,0.000000,0.000000,0.000000,0.000000,0.000000,0.000000,0.000000,0,0
1789814151.344406,0,17.941553,20.733825,-0.006014,0.000000,0.000000,0.000000,0.000000,0.000000,0.000000,0.000000,0.000000,0.000000,0.000000,0.000000,0.000000,0,0
1789814151.444379,0,17.941553,20.733825,-0.006014,0.000000,0.000000,0.000000,0.000000,0.000000,0.000000,0.000000,0.000000,0.000000,0.000000,0.000000,0.000000,0,0
1789814151.544427,0,17.941553,20.733825,-0.006014,0.000000,0.000000,0.000000,0.000000,0.000000,0.000000,0.000000,0.000000,0.000000,0.000000,0.000000,0.000000,0,0
1789814151.644399,0,17.941553,20.733825,-0.006014,0.000000,0.000000,0.000000,0.000000,0.000000,0.000000,0.000000,0.000000,0.000000,0.000000,0.000000,0.000000,0,0
1789814151.744390,0,17.941553,20.733825,-0.006014,0.000000,0.000000,0.000000,0.000000,0.000000,0.000000,0.000000,0.000000,0.000000,0.000000,0.000000,0.000000,0,0
1789814151.844396,0,17.941553,20.733825,-0.006014,0.000000,0.000000,0.000000,0.000000,0.000000,0.000000,0.000000,0.000000,0.000000,0.000000,0.000000,0.000000,0,0
1789814151.944893,0,17.941553,20.733825,-0.006014,0.000000,0.000000,0.000000,0.000000,0.000000,0.000000,0.000000,0.000000,0.000000,0.000000,0.000000,0.000000,0,0
1789814152.044369,0,17.941553,20.733825,-0.006014,0.000000,0.000000,0.000000,0.000000,0.000000,0.000000,0.000000,0.000000,0.000000,0.000000,0.000000,0.000000,0,0
1789814152.144423,0,17.941553,20.733825,-0.006014,0.000000,0.000000,0.000000,0.000000,0.000000,0.000000,0.000000,0.000000,0.000000,0.000000,0.000000,0.000000,0,0
1789814152.245110,0,17.941553,20.733825,-0.006014,0.000000,0.000000,0.000000,0.000000,0.000000,0.000000,0.000000,0.000000,0.000000,0.000000,0.000000,0.000000,0,0
1789814152.344389,0,17.941553,20.733825,-0.006014,0.000000,0.000000,0.000000,0.000000,0.000000,0.000000,0.000000,0.000000,0.000000,0.000000,0.000000,0.000000,0,0
1789814152.444407,0,17.941553,20.733825,-0.006014,0.000000,0.000000,0.000000,0.000000,0.000000,0.000000,0.000000,0.000000,0.000000,0.000000,0.000000,0.000000,0,0
1789814152.544415,0,17.941553,20.733825,-0.006014,0.000000,0.000000,0.000000,0.000000,0.000000,0.000000,0.000000,0.000000,0.000000,0.000000,0.000000,0.000000,0,0
1789814152.644415,0,17.941553,20.733825,-0.006014,0.000000,0.000000,0.000000,0.000000,0.000000,0.000000,0.000000,0.000000,0.000000,0.000000,0.000000,0.000000,0,0
1789814152.744459,0,17.941553,20.733825,-0.006014,0.000000,0.000000,0.000000,0.000000,0.000000,0.000000,0.000000,0.000000,0.000000,0.000000,0.000000,0.000000,0,0
1789814152.844577,0,17.941553,20.733825,-0.006014,17.941553,20.733825,19.128000,20.952000,0.000000,0.000000,0.800000,0.181857,0.187872,1.206340,0.341489,0.160000,0,0
1789814152.945428,0,17.941553,20.733825,-0.006014,17.941553,20.733825,19.128000,20.952000,0.000000,0.000000,0.800000,0.181857,0.187872,1.206340,0.341489,0.288000,0,0
1789814153.044463,0,17.941553,20.733825,-0.006014,17.941553,20.733825,19.128000,20.952000,0.000000,0.000000,0.800000,0.181857,0.187872,1.206340,0.341489,0.390400,0,0
1789814153.144449,0,17.941553,20.733825,-0.006014,17.941553,20.733825,19.128000,20.952000,0.000000,0.000000,0.800000,0.181857,0.187872,1.206340,0.341489,0.472320,0,0
1789814153.244442,0,17.941553,20.733825,-0.006014,17.941553,20.733825,19.128000,20.952000,0.000000,0.000000,0.800000,0.181857,0.187872,1.206340,0.341489,0.537856,0,0
1789814153.344451,0,17.941553,20.733825,-0.006014,17.941553,20.733825,19.128000,20.952000,0.000000,0.000000,0.800000,0.181857,0.187872,1.206340,0.341489,0.590285,0,0
1789814153.444536,0,17.941553,20.733825,-0.006014,17.941553,20.733825,19.128000,20.952000,0.000000,0.000000,0.800000,0.181857,0.187872,1.206340,0.341489,0.628913,0,0
1789814153.544453,0,17.941553,20.733825,-0.006014,17.941553,20.733825,19.128000,20.952000,0.000000,0.000000,0.800000,0.181857,0.187872,1.206340,0.341489,0.632237,0,0
1789814153.644508,0,17.941553,20.733825,-0.006014,17.941553,20.733825,19.128000,20.952000,0.000000,0.000000,0.800000,0.181857,0.187872,1.206340,0.341489,0.612832,0,0
1789814153.744468,0,17.941553,20.733825,-0.006014,17.941553,20.733825,19.128000,20.952000,0.000000,0.000000,0.800000,0.181857,0.187872,1.206340,0.341489,0.579656,0,0
1789814153.844478,0,17.941553,20.733825,-0.006014,17.941553,20.733825,19.128000,20.952000,0.000000,0.000000,0.800000,0.181857,0.187872,1.206340,0.341489,0.538996,0,0
1789814153.944468,0,17.941553,20.733825,-0.006014,17.941553,20.733825,19.128000,20.952000,0.000000,0.000000,0.800000,0.181857,0.187872,1.206340,0.341489,0.495170,0,0
1789814154.044488,0,17.941553,20.733825,-0.006014,17.941553,20.733825,19.128000,20.952000,0.000000,0.000000,0.800000,0.181857,0.187872,1.206340,0.341489,0.451073,0,0
1789814154.144503,0,17.941553,20.733825,-0.006014,17.941553,20.733825,19.128000,20.952000,0.000000,0.000000,0.800000,0.181857,0.187872,1.206340,0.341489,0.408565,0,0
1789814154.244513,0,17.941553,20.733825,-0.006014,17.941553,20.733825,19.128000,20.952000,0.000000,0.000000,0.800000,0.181857,0.187872,1.206340,0.341489,0.368774,0,0
1789814154.344492,0,17.941553,20.733825,-0.006014,17.941553,20.733825,19.128000,20.952000,0.000000,0.000000,0.800000,0.181857,0.187872,1.206340,0.341489,0.332315,0,0
1789814154.444488,0,17.941553,20.733825,-0.006014,17.941553,20.733825,19.128000,20.952000,0.000000,0.000000,0.800000,0.181857,0.187872,1.206340,0.341489,0.299446,0,0
1789814154.544501,0,17.941553,20.733825,-0.006014,17.941553,20.733825,19.128000,20.952000,0.000000,0.000000,0.800000,0.181857,0.187872,1.206340,0.341489,0.270189,0,0
1789814154.644526,0,17.941553,20.733825,-0.006014,17.941553,20.733825,19.128000,20.952000,0.000000,0.000000,0.800000,0.181857,0.187872,1.206340,0.341489,0.244415,0,0
1789814154.744575,0,17.941553,20.733825,-0.006014,17.941553,20.733825,19.128000,20.952000,0.000000,0.000000,0.800000,0.181857,0.187872,1.206340,0.341489,0.221900,0,0
1789814154.844504,0,17.941553,20.733825,-0.006014,17.941553,20.733825,19.128000,20.952000,0.000000,0.000000,0.800000,0.181857,0.187872,1.206340,0.341489,0.202372,0,0
1789814154.944646,0,17.941553,20.733825,-0.006014,17.941553,20.733825,19.128000,20.952000,0.000000,0.000000,0.800000,0.181857,0.187872,1.206340,0.341489,0.185537,0,0
1789814155.044593,0,17.941553,20.733825,-0.006014,17.941553,20.733825,19.128000,20.952000,0.000000,0.000000,0.800000,0.181857,0.187872,1.206340,0.341489,0.171098,0,0
1789814155.144578,0,17.941553,20.733825,-0.006014,17.941553,20.733825,19.128000,20.952000,0.000000,0.000000,0.800000,0.181857,0.187872,1.206340,0.341489,0.158771,0,0
1789814155.244531,0,17.941553,20.733825,-0.006014,17.941553,20.733825,19.128000,20.952000,0.000000,0.000000,0.800000,0.181857,0.187872,1.206340,0.341489,0.148288,0,0
1789814155.344535,0,17.941553,20.733825,-0.006014,17.941553,20.733825,19.128000,20.952000,0.000000,0.000000,0.800000,0.181857,0.187872,1.206340,0.341489,0.139405,0,0
1789814155.444562,0,17.941553,20.733825,-0.006014,17.941553,20.733825,19.128000,20.952000,0.000000,0.000000,0.800000,0.181857,0.187872,1.206340,0.341489,0.131901,0,0
1789814155.544594,0,17.941553,20.733825,-0.006014,17.941553,20.733825,19.128000,20.952000,0.000000,0.000000,0.800000,0.181857,0.187872,1.206340,0.341489,0.125580,0,0
1789814155.644596,0,17.941553,20.733825,-0.006014,17.941553,20.733825,19.128000,20.952000,0.000000,0.000000,0.800000,0.181857,0.187872,1.206340,0.341489,0.120269,0,0
1789814155.744641,0,17.941553,20.733825,-0.006014,17.941553,20.733825,19.128000,20.952000,0.000000,0.000000,0.800000,0.181857,0.187872,1.206340,0.341489,0.115816,0,0
1789814155.844562,0,17.941553,20.733825,-0.006014,17.941553,20.733825,19.128000,20.952000,0.000000,0.000000,0.800000,0.181857,0.187872,1.206340,0.341489,0.112091,0,0
1789814155.944645,0,17.941553,20.733825,-0.006014,17.941553,20.733825,19.128000,20.952000,0.000000,0.000000,0.800000,0.181857,0.187872,1.206340,0.341489,0.108981,0,0
1789814156.044631,0,17.941553,20.733825,-0.006014,17.941553,20.733825,19.128000,20.952000,0.000000,0.000000,0.800000,0.181857,0.187872,1.206340,0.341489,0.106389,0,0
1789814156.146632,0,17.941553,20.733825,-0.006014,17.941553,20.733825,19.128000,20.952000,0.000000,0.000000,0.800000,0.181857,0.187872,1.206340,0.341489,0.104232,0,0
1789814156.244663,0,17.941553,20.733825,-0.006014,17.941553,20.733825,19.128000,20.952000,0.000000,0.000000,0.800000,0.181857,0.187872,1.206340,0.341489,0.102439,0,0
1789814156.344616,0,17.941553,20.733825,-0.006014,17.941553,20.733825,19.128000,20.952000,0.000000,0.000000,0.800000,0.181857,0.187872,1.206340,0.341489,0.100952,0,0
1789814156.446787,0,17.941553,20.733825,-0.006014,17.941553,20.733825,19.128000,20.952000,0.000000,0.000000,0.800000,0.181857,0.187872,1.206340,0.341489,0.099719,0,0
1789814156.544622,0,17.941553,20.733825,-0.006014,17.941553,20.733825,19.128000,20.952000,0.000000,0.000000,0.800000,0.181857,0.187872,1.206340,0.341489,0.098699,0,0
1789814156.644649,0,17.941553,20.733825,-0.006014,17.941553,20.733825,19.128000,20.952000,0.000000,0.000000,0.800000,0.181857,0.187872,1.206340,0.341489,0.097856,0,0
1789814156.744650,0,17.941553,20.733825,-0.006014,17.941553,20.733825,19.128000,20.952000,0.000000,0.000000,0.800000,0.181857,0.187872,1.206340,0.341489,0.097159,0,0
1789814156.844626,0,17.941553,20.733825,-0.006014,17.941553,20.733825,19.128000,20.952000,0.000000,0.000000,0.800000,0.181857,0.187872,1.206340,0.341489,0.096585,0,0
1789814156.944638,0,17.941553,20.733825,-0.006014,17.941553,20.733825,19.128000,20.952000,0.000000,0.000000,0.800000,0.181857,0.187872,1.206340,0.341489,0.096111,0,0
1789814157.044637,0,17.941553,20.733825,-0.006014,17.941553,20.733825,19.128000,20.952000,0.000000,0.000000,0.800000,0.181857,0.187872,1.206340,0.341489,0.095721,0,0
1789814157.144630,0,17.941553,20.733825,-0.006014,17.941553,20.733825,19.128000,20.952000,0.000000,0.000000,0.800000,0.181857,0.187872,1.206340,0.341489,0.095399,0,0
1789814157.244634,0,17.941553,20.733825,-0.006014,17.941553,20.733825,19.128000,20.952000,0.000000,0.000000,0.800000,0.181857,0.187872,1.206340,0.341489,0.095135,0,0
1789814157.344709,0,17.941553,20.733825,-0.006014,17.941553,20.733825,19.128000,20.952000,0.000000,0.000000,0.800000,0.181857,0.187872,1.206340,0.341489,0.094918,0,0
1789814157.444697,0,17.941553,20.733825,-0.006014,17.941553,20.733825,19.128000,20.952000,0.000000,0.000000,0.800000,0.181857,0.187872,1.206340,0.341489,0.094740,0,0
1789814157.546252,0,17.941553,20.733825,-0.006014,17.941553,20.733825,19.128000,20.952000,0.000000,0.000000,0.800000,0.181857,0.187872,1.206340,0.341489,0.094594,0,0
1789814157.645675,0,17.941553,20.733825,-0.006014,17.941553,20.733825,19.128000,20.952000,0.000000,0.000000,0.800000,0.181857,0.187872,1.206340,0.341489,0.094474,0,0
1789814157.744669,0,17.941553,20.733825,-0.006014,17.941553,20.733825,19.128000,20.952000,0.000000,0.000000,0.800000,0.181857,0.187872,1.206340,0.341489,0.094376,0,0
1789814157.844637,0,17.941553,20.733825,-0.006014,17.941553,20.733825,19.128000,20.952000,0.000000,0.000000,0.800000,0.181857,0.187872,1.206340,0.341489,0.094295,0,0
1789814157.944673,0,17.941553,20.733825,-0.006014,17.941553,20.733825,19.128000,20.952000,0.000000,0.000000,0.800000,0.181857,0.187872,1.206340,0.341489,0.094229,0,0
1789814158.044675,0,17.941553,20.733825,-0.006014,17.941553,20.733825,19.128000,20.952000,0.000000,0.000000,0.800000,0.181857,0.187872,1.206340,0.341489,0.094176,0,0
1789814158.144691,0,17.941553,20.733825,-0.006014,17.941553,20.733825,19.128000,20.952000,0.000000,0.000000,0.800000,0.181857,0.187872,1.206340,0.341489,0.094131,0,0
1789814158.244699,0,17.941553,20.733825,-0.006014,17.941553,20.733825,19.128000,20.952000,0.000000,0.000000,0.800000,0.181857,0.187872,1.206340,0.341489,0.094095,0,0
1789814158.344687,0,17.941553,20.733825,-0.006014,17.941553,20.733825,19.128000,20.952000,0.000000,0.000000,0.800000,0.181857,0.187872,1.206340,0.341489,0.094066,0,0
1789814158.444718,0,17.941553,20.733825,-0.006014,17.941553,20.733825,19.128000,20.952000,0.000000,0.000000,0.800000,0.181857,0.187872,1.206340,0.341489,0.094042,0,0
1789814158.544737,0,17.941553,20.733825,-0.006014,17.941553,20.733825,19.128000,20.952000,0.000000,0.000000,0.800000,0.181857,0.187872,1.206340,0.341489,0.094022,0,0
1789814158.644769,0,17.941553,20.733825,-0.006014,17.941553,20.733825,19.128000,20.952000,0.000000,0.000000,0.800000,0.181857,0.187872,1.206340,0.341489,0.094006,0,0
1789814158.744726,0,17.941553,20.733825,-0.006014,17.941553,20.733825,19.128000,20.952000,0.000000,0.000000,0.800000,0.181857,0.187872,1.206340,0.341489,0.093993,0,0
1789814158.844718,0,17.941553,20.733825,-0.006014,17.941553,20.733825,19.128000,20.952000,0.000000,0.000000,0.800000,0.181857,0.187872,1.206340,0.341489,0.093983,0,0
1789814158.944771,0,17.941553,20.733825,-0.006014,17.941553,20.733825,19.128000,20.952000,0.000000,0.000000,0.800000,0.181857,0.187872,1.206340,0.341489,0.093974,0,0
1789814159.044787,0,17.941553,20.733825,-0.006014,17.941553,20.733825,19.128000,20.952000,0.000000,0.000000,0.800000,0.181857,0.187872,1.206340,0.341489,0.093967,0,0
1789814159.144767,0,17.941553,20.733825,-0.006014,17.941553,20.733825,19.128000,20.952000,0.000000,0.000000,0.800000,0.181857,0.187872,1.206340,0.341489,0.093961,0,0
1789814159.244780,0,17.941553,20.733825,-0.006014,17.941553,20.733825,19.128000,20.952000,0.000000,0.000000,0.800000,0.181857,0.187872,1.206340,0.341489,0.093956,0,0
1789814159.344760,0,17.941553,20.733825,-0.006014,17.941553,20.733825,19.128000,20.952000,0.000000,0.000000,0.800000,0.181857,0.187872,1.206340,0.341489,0.093952,0,0
1789814159.444841,0,17.941553,20.733825,-0.006014,17.941553,20.733825,19.128000,20.952000,0.000000,0.000000,0.800000,0.181857,0.187872,1.206340,0.341489,0.093949,0,0
1789814159.544790,0,17.941553,20.733825,-0.006014,17.941553,20.733825,19.128000,20.952000,0.000000,0.000000,0.800000,0.181857,0.187872,1.206340,0.341489,0.093947,0,0
1789814159.644783,0,17.941553,20.733825,-0.006014,17.941553,20.733825,19.128000,20.952000,0.000000,0.000000,0.800000,0.181857,0.187872,1.206340,0.341489,0.093945,0,0
1789814159.744793,0,17.941553,20.733825,-0.006014,17.941553,20.733825,19.128000,20.952000,0.000000,0.000000,0.800000,0.181857,0.187872,1.206340,0.341489,0.093943,0,0
1789814159.847684,0,17.941553,20.733825,-0.006014,17.941553,20.733825,19.128000,20.952000,0.000000,0.000000,0.800000,0.181857,0.187872,1.206340,0.341489,0.093942,0,0
1789814159.944814,0,17.941553,20.733825,-0.006014,17.941553,20.733825,19.128000,20.952000,0.000000,0.000000,0.800000,0.181857,0.187872,1.206340,0.341489,0.093941,0,0
1789814160.044812,0,17.941553,20.733825,-0.006014,17.941553,20.733825,19.128000,20.952000,0.000000,0.000000,0.800000,0.181857,0.187872,1.206340,0.341489,0.093940,0,0
1789814160.144807,0,17.941553,20.733825,-0.006014,17.941553,20.733825,19.128000,20.952000,0.000000,0.000000,0.800000,0.181857,0.187872,1.206340,0.341489,0.093939,0,0
1789814160.244788,0,17.941553,20.733825,-0.006014,17.941553,20.733825,19.128000,20.952000,0.000000,0.000000,0.800000,0.181857,0.187872,1.206340,0.341489,0.093938,0,0
1789814160.344859,0,17.941553,20.733825,-0.006014,17.941553,20.733825,19.128000,20.952000,0.000000,0.000000,0.800000,0.181857,0.187872,1.206340,0.341489,0.093938,0,0
1789814160.444879,0,17.941553,20.733825,-0.006014,17.941553,20.733825,19.128000,20.952000,0.000000,0.000000,0.800000,0.181857,0.187872,1.206340,0.341489,0.093938,0,0
1789814160.544898,0,17.941553,20.733825,-0.006014,17.941553,20.733825,19.128000,20.952000,0.000000,0.000000,0.800000,0.181857,0.187872,1.206340,0.341489,0.093937,0,0
1789814160.644879,0,17.941553,20.733825,-0.006014,17.941553,20.733825,19.128000,20.952000,0.000000,0.000000,0.800000,0.181857,0.187872,1.206340,0.341489,0.093937,0,0
1789814160.744818,0,17.941553,20.733825,-0.006014,17.941553,20.733825,19.128000,20.952000,0.000000,0.000000,0.800000,0.181857,0.187872,1.206340,0.341489,0.093937,0,0
1789814160.844827,0,17.941553,20.733825,-0.006014,17.941553,20.733825,19.128000,20.952000,0.000000,0.000000,0.800000,0.181857,0.187872,1.206340,0.341489,0.093937,0,0
1789814160.944854,0,17.941553,20.733825,-0.006014,17.941553,20.733825,19.128000,20.952000,0.000000,0.000000,0.800000,0.181857,0.187872,1.206340,0.341489,0.093936,0,0
1789814161.044866,0,17.941553,20.733825,-0.006014,17.941553,20.733825,19.128000,20.952000,0.000000,0.000000,0.800000,0.181857,0.187872,1.206340,0.341489,0.093936,0,0
1789814161.144896,0,17.941553,20.733825,-0.006014,17.941553,20.733825,19.128000,20.952000,0.000000,0.000000,0.800000,0.181857,0.187872,1.206340,0.341489,0.093936,0,0
1789814161.244874,0,17.941553,20.733825,-0.006014,17.941553,20.733825,19.128000,20.952000,0.000000,0.000000,0.800000,0.181857,0.187872,1.206340,0.341489,0.093936,0,0
1789814161.344888,0,17.941553,20.733825,-0.006014,17.941553,20.733825,19.128000,20.952000,0.000000,0.000000,0.800000,0.181857,0.187872,1.206340,0.341489,0.093936,0,0
1789814161.444853,0,17.941553,20.733825,-0.006014,17.941553,20.733825,19.128000,20.952000,0.000000,0.000000,0.800000,0.181857,0.187872,1.206340,0.341489,0.093936,0,0
1789814161.544848,0,17.941553,20.733825,-0.006014,17.941553,20.733825,19.128000,20.952000,0.000000,0.000000,0.800000,0.181857,0.187872,1.206340,0.341489,0.093936,0,0
1789814161.644881,0,17.941553,20.733825,-0.006014,17.941553,20.733825,19.128000,20.952000,0.000000,0.000000,0.800000,0.181857,0.187872,1.206340,0.341489,0.093936,0,0
1789814161.744876,0,17.941553,20.733825,-0.006014,17.941553,20.733825,19.128000,20.952000,0.000000,0.000000,0.800000,0.181857,0.187872,1.206340,0.341489,0.093936,0,0
1789814161.844912,0,17.941553,20.733825,-0.006014,17.941553,20.733825,19.128000,20.952000,0.000000,0.000000,0.800000,0.181857,0.187872,1.206340,0.341489,0.093936,0,0
1789814161.944886,0,17.941553,20.733825,-0.006014,17.941553,20.733825,19.128000,20.952000,0.000000,0.000000,0.800000,0.181857,0.187872,1.206340,0.341489,0.093936,0,0
1789814162.044939,0,17.941553,20.733825,-0.006014,17.941553,20.733825,19.128000,20.952000,0.000000,0.000000,0.800000,0.181857,0.187872,1.206340,0.341489,0.093936,0,0
1789814162.144932,0,17.941553,20.733825,-0.006014,17.941553,20.733825,19.128000,20.952000,0.000000,0.000000,0.800000,0.181857,0.187872,1.206340,0.341489,0.093936,0,0
1789814162.244902,0,17.941553,20.733825,-0.006014,17.941553,20.733825,19.128000,20.952000,0.000000,0.000000,0.800000,0.181857,0.187872,1.206340,0.341489,0.093936,0,0
1789814162.344917,0,17.941553,20.733825,-0.006014,17.941553,20.733825,19.128000,20.952000,0.000000,0.000000,0.800000,0.181857,0.187872,1.206340,0.341489,0.093936,0,0
1789814162.444968,0,17.941553,20.733825,-0.006014,17.941553,20.733825,19.128000,20.952000,0.000000,0.000000,0.800000,0.181857,0.187872,1.206340,0.341489,0.093936,0,0
1789814162.544926,0,17.941553,20.733825,-0.006014,17.941553,20.733825,19.128000,20.952000,0.000000,0.000000,0.800000,0.181857,0.187872,1.206340,0.341489,0.093936,0,0
1789814162.644995,0,17.941553,20.733825,-0.006014,17.941553,20.733825,19.128000,20.952000,0.000000,0.000000,0.800000,0.181857,0.187872,1.206340,0.341489,0.093936,0,0
1789814162.744978,0,17.941553,20.733825,-0.006014,17.941553,20.733825,19.128000,20.952000,0.000000,0.000000,0.800000,0.181857,0.187872,1.206340,0.341489,0.093936,0,0
1789814162.844984,0,17.941553,20.733825,-0.006014,17.941553,20.733825,19.128000,20.952000,0.000000,0.000000,0.800000,0.181857,0.187872,1.206340,0.341489,0.093936,0,0
1789814162.944960,0,17.941553,20.733825,-0.006014,17.941553,20.733825,19.128000,20.952000,0.000000,0.000000,0.800000,0.181857,0.187872,1.206340,0.341489,0.093936,0,0
1789814163.044938,0,17.941553,20.733825,-0.006014,17.941553,20.733825,19.128000,20.952000,0.000000,0.000000,0.800000,0.181857,0.187872,1.206340,0.341489,0.093936,0,0
1789814163.144952,0,17.941553,20.733825,-0.006014,17.941553,20.733825,19.128000,20.952000,0.000000,0.000000,0.800000,0.181857,0.187872,1.206340,0.341489,0.093936,0,0
1789814163.245034,0,17.941553,20.733825,-0.006014,17.941553,20.733825,19.128000,20.952000,0.000000,0.000000,0.800000,0.181857,0.187872,1.206340,0.341489,0.093936,0,0
1789814163.344955,0,17.941553,20.733825,-0.006014,17.941553,20.733825,19.128000,20.952000,0.000000,0.000000,0.800000,0.181857,0.187872,1.206340,0.341489,0.093936,0,0
1789814163.444955,0,17.941553,20.733825,-0.006014,17.941553,20.733825,19.128000,20.952000,0.000000,0.000000,0.800000,0.181857,0.187872,1.206340,0.341489,0.093936,0,0
1789814163.546281,0,17.941553,20.733825,-0.006014,17.941553,20.733825,19.128000,20.952000,0.000000,0.000000,0.800000,0.181857,0.187872,1.206340,0.341489,0.093936,0,0
1789814163.644984,0,17.941553,20.733825,-0.006014,17.941553,20.733825,19.128000,20.952000,0.000000,0.000000,0.800000,0.181857,0.187872,1.206340,0.341489,0.093936,0,0
1789814163.744965,0,17.941553,20.733825,-0.006014,17.941553,20.733825,19.128000,20.952000,0.000000,0.000000,0.800000,0.181857,0.187872,1.206340,0.341489,0.093936,0,0
1789814163.844989,0,17.941553,20.733825,-0.006014,17.941553,20.733825,19.128000,20.952000,0.000000,0.000000,0.800000,0.181857,0.187872,1.206340,0.341489,0.093936,0,0
1789814163.944979,0,17.941553,20.733825,-0.006014,17.941553,20.733825,19.128000,20.952000,0.000000,0.000000,0.800000,0.181857,0.187872,1.206340,0.341489,0.093936,0,0
1789814164.044977,0,17.941553,20.733825,-0.006014,17.941553,20.733825,19.128000,20.952000,0.000000,0.000000,0.800000,0.181857,0.187872,1.206340,0.341489,0.093936,0,0
1789814164.144998,0,17.941553,20.733825,-0.006014,17.941553,20.733825,19.128000,20.952000,0.000000,0.000000,0.800000,0.181857,0.187872,1.206340,0.341489,0.093936,0,0
1789814164.245009,0,17.941553,20.733825,-0.006014,17.941553,20.733825,19.128000,20.952000,0.000000,0.000000,0.800000,0.181857,0.187872,1.206340,0.341489,0.093936,0,0
1789814164.345016,0,17.941553,20.733825,-0.006014,17.941553,20.733825,19.128000,20.952000,0.000000,0.000000,0.800000,0.181857,0.187872,1.206340,0.341489,0.093936,0,0
1789814164.444998,0,17.941553,20.733825,-0.006014,17.941553,20.733825,19.128000,20.952000,0.000000,0.000000,0.800000,0.181857,0.187872,1.206340,0.341489,0.093936,0,0
1789814164.544991,0,17.941553,20.733825,-0.006014,17.941553,20.733825,19.128000,20.952000,0.000000,0.000000,0.800000,0.181857,0.187872,1.206340,0.341489,0.093936,0,0
1789814164.645063,0,17.941553,20.733825,-0.006014,17.941553,20.733825,19.128000,20.952000,0.000000,0.000000,0.800000,0.181857,0.187872,1.206340,0.341489,0.093936,0,0
1789814164.744983,0,17.941553,20.733825,-0.006014,17.941553,20.733825,19.128000,20.952000,0.000000,0.000000,0.800000,0.181857,0.187872,1.206340,0.341489,0.093936,0,0
1789814164.845474,0,17.941553,20.733825,-0.006014,17.941553,20.733825,19.128000,20.952000,0.000000,0.000000,0.800000,0.181857,0.187872,1.206340,0.341489,0.093936,0,0
1789814164.945057,0,17.941553,20.733825,-0.006014,17.941553,20.733825,19.128000,20.952000,0.000000,0.000000,0.800000,0.181857,0.187872,1.206340,0.341489,0.093936,0,0
1789814165.046326,0,17.941553,20.733825,-0.006014,17.941553,20.733825,19.128000,20.952000,0.000000,0.000000,0.800000,0.181857,0.187872,1.206340,0.341489,0.093936,0,0
1789814165.145033,0,17.941553,20.733825,-0.006014,17.941553,20.733825,19.128000,20.952000,0.000000,0.000000,0.800000,0.181857,0.187872,1.206340,0.341489,0.093936,0,0
1789814165.245061,0,17.941553,20.733825,-0.006014,17.941553,20.733825,19.128000,20.952000,0.000000,0.000000,0.800000,0.181857,0.187872,1.206340,0.341489,0.093936,0,0
1789814165.345073,0,17.941553,20.733825,-0.006014,17.941553,20.733825,19.128000,20.952000,0.000000,0.000000,0.800000,0.181857,0.187872,1.206340,0.341489,0.093936,0,0
1789814165.445040,0,17.941553,20.733825,-0.006014,17.941553,20.733825,19.128000,20.952000,0.000000,0.000000,0.800000,0.181857,0.187872,1.206340,0.341489,0.093936,0,0
1789814165.545088,0,17.941553,20.733825,-0.006014,17.941553,20.733825,19.128000,20.952000,0.000000,0.000000,0.800000,0.181857,0.187872,1.206340,0.341489,0.093936,0,0
1789814165.645062,0,17.941553,20.733825,-0.006014,17.941553,20.733825,19.128000,20.952000,0.000000,0.000000,0.800000,0.181857,0.187872,1.206340,0.341489,0.093936,0,0
1789814165.745826,0,17.941553,20.733825,-0.006014,17.941553,20.733825,19.128000,20.952000,0.000000,0.000000,0.800000,0.181857,0.187872,1.206340,0.341489,0.093936,0,0
1789814165.845098,0,17.941553,20.733825,-0.006014,17.941553,20.733825,19.128000,20.952000,0.000000,0.000000,0.800000,0.181857,0.187872,1.206340,0.341489,0.093936,0,0
1789814165.945130,0,17.941553,20.733825,-0.006014,17.941553,20.733825,19.128000,20.952000,0.000000,0.000000,0.800000,0.181857,0.187872,1.206340,0.341489,0.093936,0,0
1789814166.045054,0,17.941553,20.733825,-0.006014,17.941553,20.733825,19.128000,20.952000,0.000000,0.000000,0.800000,0.181857,0.187872,1.206340,0.341489,0.093936,0,0
1789814166.145137,0,17.941553,20.733825,-0.006014,17.941553,20.733825,19.128000,20.952000,0.000000,0.000000,0.800000,0.181857,0.187872,1.206340,0.341489,0.093936,0,0
1789814166.245367,0,17.941553,20.733825,-0.006014,17.941553,20.733825,19.128000,20.952000,0.000000,0.000000,0.800000,0.181857,0.187872,1.206340,0.341489,0.093936,0,0
1789814166.345107,0,17.941553,20.733825,-0.006014,17.941553,20.733825,19.128000,20.952000,0.000000,0.000000,0.800000,0.181857,0.187872,1.206340,0.341489,0.093936,0,0
1789814166.445112,0,17.941553,20.733825,-0.006014,17.941553,20.733825,19.128000,20.952000,0.000000,0.000000,0.800000,0.181857,0.187872,1.206340,0.341489,0.093936,0,0
1789814166.548081,0,17.941553,20.733825,-0.006014,17.941553,20.733825,19.128000,20.952000,0.000000,0.000000,0.800000,0.181857,0.187872,1.206340,0.341489,0.093936,0,0
1789814166.645116,0,17.941553,20.733825,-0.006014,17.941553,20.733825,19.128000,20.952000,0.000000,0.000000,0.800000,0.181857,0.187872,1.206340,0.341489,0.093936,0,0
1789814166.745134,0,17.941553,20.733825,-0.006014,17.941553,20.733825,19.128000,20.952000,0.000000,0.000000,0.800000,0.181857,0.187872,1.206340,0.341489,0.093936,0,0
1789814166.845241,0,17.941553,20.733825,-0.006014,17.941553,20.733825,19.128000,20.952000,0.000000,0.000000,0.800000,0.181857,0.187872,1.206340,0.341489,0.093936,0,0
1789814166.945138,0,17.941553,20.733825,-0.006014,17.941553,20.733825,19.128000,20.952000,0.000000,0.000000,0.800000,0.181857,0.187872,1.206340,0.341489,0.093936,0,0
1789814167.045129,0,17.941553,20.733825,-0.006014,17.941553,20.733825,19.128000,20.952000,0.000000,0.000000,0.800000,0.181857,0.187872,1.206340,0.341489,0.093936,0,0
1789814167.145121,0,17.941553,20.733825,-0.006014,17.941553,20.733825,19.128000,20.952000,0.000000,0.000000,0.800000,0.181857,0.187872,1.206340,0.341489,0.093936,0,0
1789814167.245186,0,17.941553,20.733825,-0.006014,17.941553,20.733825,19.128000,20.952000,0.000000,0.000000,0.800000,0.181857,0.187872,1.206340,0.341489,0.093936,0,0
1789814167.345178,0,17.941553,20.733825,-0.006014,17.941553,20.733825,19.128000,20.952000,0.000000,0.000000,0.800000,0.181857,0.187872,1.206340,0.341489,0.093936,0,0
1789814167.445167,0,17.941553,20.733825,-0.006014,17.941553,20.733825,19.128000,20.952000,0.000000,0.000000,0.800000,0.181857,0.187872,1.206340,0.341489,0.093936,0,0
1789814167.545263,0,17.941553,20.733825,-0.006014,17.941553,20.733825,19.128000,20.952000,0.000000,0.000000,0.800000,0.181857,0.187872,1.206340,0.341489,0.093936,0,0
1789814167.645168,0,17.941553,20.733825,-0.006014,17.941553,20.733825,19.128000,20.952000,0.000000,0.000000,0.800000,0.181857,0.187872,1.206340,0.341489,0.093936,0,0
1789814167.745243,0,17.941553,20.733825,-0.006014,17.941553,20.733825,19.128000,20.952000,0.000000,0.000000,0.800000,0.181857,0.187872,1.206340,0.341489,0.093936,0,0
1789814167.845200,0,17.941553,20.733825,-0.006014,17.941553,20.733825,19.128000,20.952000,0.000000,0.000000,0.800000,0.181857,0.187872,1.206340,0.341489,0.093936,0,0
1789814167.949382,0,17.941553,20.733825,-0.006014,17.941553,20.733825,19.128000,20.952000,0.000000,0.000000,0.800000,0.181857,0.187872,1.206340,0.341489,0.093936,0,0
1789814168.045197,0,17.941553,20.733825,-0.006014,17.941553,20.733825,19.128000,20.952000,0.000000,0.000000,0.800000,0.181857,0.187872,1.206340,0.341489,0.093936,0,0
1789814168.145225,0,17.941553,20.733825,-0.006014,17.941553,20.733825,19.128000,20.952000,0.000000,0.000000,0.800000,0.181857,0.187872,1.206340,0.341489,0.093936,0,0
1789814168.245186,0,17.941553,20.733825,-0.006014,17.941553,20.733825,19.128000,20.952000,0.000000,0.000000,0.800000,0.181857,0.187872,1.206340,0.341489,0.093936,0,0
1789814168.345235,0,17.941553,20.733825,-0.006014,17.941553,20.733825,19.128000,20.952000,0.000000,0.000000,0.800000,0.181857,0.187872,1.206340,0.341489,0.093936,0,0
1789814168.445228,0,17.941553,20.733825,-0.006014,17.941553,20.733825,19.128000,20.952000,0.000000,0.000000,0.800000,0.181857,0.187872,1.206340,0.341489,0.093936,0,0
1789814168.545251,0,17.941553,20.733825,-0.006014,17.941553,20.733825,19.128000,20.952000,0.000000,0.000000,0.800000,0.181857,0.187872,1.206340,0.341489,0.093936,0,0
1789814168.645260,0,17.941553,20.733825,-0.006014,17.941553,20.733825,19.128000,20.952000,0.000000,0.000000,0.800000,0.181857,0.187872,1.206340,0.341489,0.093936,0,0
1789814168.745251,0,17.941553,20.733825,-0.006014,17.941553,20.733825,19.128000,20.952000,0.000000,0.000000,0.800000,0.181857,0.187872,1.206340,0.341489,0.093936,0,0
1789814168.845221,0,17.941553,20.733825,-0.006014,17.941553,20.733825,19.128000,20.952000,0.000000,0.000000,0.800000,0.181857,0.187872,1.206340,0.341489,0.093936,0,0
1789814168.945223,0,17.941553,20.733825,-0.006014,17.941553,20.733825,19.128000,20.952000,0.000000,0.000000,0.800000,0.181857,0.187872,1.206340,0.341489,0.093936,0,0
1789814169.045235,0,17.941553,20.733825,-0.006014,17.941553,20.733825,19.128000,20.952000,0.000000,0.000000,0.800000,0.181857,0.187872,1.206340,0.341489,0.093936,0,0
1789814169.145238,0,17.941553,20.733825,-0.006014,17.941553,20.733825,19.128000,20.952000,0.000000,0.000000,0.800000,0.181857,0.187872,1.206340,0.341489,0.093936,0,0
1789814169.245639,0,17.941553,20.733825,-0.006014,17.941553,20.733825,19.128000,20.952000,0.000000,0.000000,0.800000,0.181857,0.187872,1.206340,0.341489,0.093936,0,0
1789814169.345301,0,17.941553,20.733825,-0.006014,17.941553,20.733825,19.128000,20.952000,0.000000,0.000000,0.800000,0.181857,0.187872,1.206340,0.341489,0.093936,0,0
1789814169.445262,0,17.941553,20.733825,-0.006014,17.941553,20.733825,19.128000,20.952000,0.000000,0.000000,0.800000,0.181857,0.187872,1.206340,0.341489,0.093936,0,0
1789814169.545278,0,17.941553,20.733825,-0.006014,17.941553,20.733825,19.128000,20.952000,0.000000,0.000000,0.800000,0.181857,0.187872,1.206340,0.341489,0.093936,0,0
1789814169.645263,0,17.941553,20.733825,-0.006014,17.941553,20.733825,19.128000,20.952000,0.000000,0.000000,0.800000,0.181857,0.187872,1.206340,0.341489,0.093936,0,0
1789814169.745270,0,17.941553,20.733825,-0.006014,17.941553,20.733825,19.128000,20.952000,0.000000,0.000000,0.800000,0.181857,0.187872,1.206340,0.341489,0.093936,0,0
1789814169.845290,0,17.941553,20.733825,-0.006014,17.941553,20.733825,19.128000,20.952000,0.000000,0.000000,0.800000,0.181857,0.187872,1.206340,0.341489,0.093936,0,0
1789814169.945283,0,17.941553,20.733825,-0.006014,17.941553,20.733825,19.128000,20.952000,0.000000,0.000000,0.800000,0.181857,0.187872,1.206340,0.341489,0.093936,0,0
1789814170.045327,0,17.941553,20.733825,-0.006014,17.941553,20.733825,19.128000,20.952000,0.000000,0.000000,0.800000,0.181857,0.187872,1.206340,0.341489,0.093936,0,0
1789814170.145362,0,17.941553,20.733825,-0.006014,17.941553,20.733825,19.128000,20.952000,0.000000,0.000000,0.800000,0.181857,0.187872,1.206340,0.341489,0.093936,0,0
1789814170.245319,0,17.941553,20.733825,-0.006014,17.941553,20.733825,19.128000,20.952000,0.000000,0.000000,0.800000,0.181857,0.187872,1.206340,0.341489,0.093936,0,0
1789814170.345327,0,17.941553,20.733825,-0.006014,17.941553,20.733825,19.128000,20.952000,0.000000,0.000000,0.800000,0.181857,0.187872,1.206340,0.341489,0.093936,0,0
1789814170.445338,0,17.941553,20.733825,-0.006014,17.941553,20.733825,19.128000,20.952000,0.000000,0.000000,0.800000,0.181857,0.187872,1.206340,0.341489,0.093936,0,0
1789814170.545319,0,17.941553,20.733825,-0.006014,17.941553,20.733825,19.128000,20.952000,0.000000,0.000000,0.800000,0.181857,0.187872,1.206340,0.341489,0.093936,0,0
1789814170.645341,0,17.941553,20.733825,-0.006014,17.941553,20.733825,19.128000,20.952000,0.000000,0.000000,0.800000,0.181857,0.187872,1.206340,0.341489,0.093936,0,0
1789814170.745324,0,17.941553,20.733825,-0.006014,17.941553,20.733825,19.128000,20.952000,0.000000,0.000000,0.800000,0.181857,0.187872,1.206340,0.341489,0.093936,0,0
1789814170.845341,0,17.941553,20.733825,-0.006014,17.941553,20.733825,19.128000,20.952000,0.000000,0.000000,0.800000,0.181857,0.187872,1.206340,0.341489,0.093936,0,0
1789814170.945340,0,17.941553,20.733825,-0.006014,17.941553,20.733825,19.128000,20.952000,0.000000,0.000000,0.800000,0.181857,0.187872,1.206340,0.341489,0.093936,0,0
1789814171.045328,0,17.941553,20.733825,-0.006014,17.941553,20.733825,19.128000,20.952000,0.000000,0.000000,0.800000,0.181857,0.187872,1.206340,0.341489,0.093936,0,0
1789814171.145416,0,17.941553,20.733825,-0.006014,17.941553,20.733825,19.128000,20.952000,0.000000,0.000000,0.800000,0.181857,0.187872,1.206340,0.341489,0.093936,0,0
1789814171.245420,0,17.941553,20.733825,-0.006014,17.941553,20.733825,19.128000,20.952000,0.000000,0.000000,0.800000,0.181857,0.187872,1.206340,0.341489,0.093936,0,0
1789814171.345389,0,17.941553,20.733825,-0.006014,17.941553,20.733825,19.128000,20.952000,0.000000,0.000000,0.800000,0.181857,0.187872,1.206340,0.341489,0.093936,0,0
1789814171.445376,0,17.941553,20.733825,-0.006014,17.941553,20.733825,19.128000,20.952000,0.000000,0.000000,0.800000,0.181857,0.187872,1.206340,0.341489,0.093936,0,0
1789814171.545421,0,17.941553,20.733825,-0.006014,17.941553,20.733825,19.128000,20.952000,0.000000,0.000000,0.800000,0.181857,0.187872,1.206340,0.341489,0.093936,0,0
1789814171.645380,0,17.941553,20.733825,-0.006014,17.941553,20.733825,19.128000,20.952000,0.000000,0.000000,0.800000,0.181857,0.187872,1.206340,0.341489,0.093936,0,0
1789814171.745345,0,17.941553,20.733825,-0.006014,17.941553,20.733825,19.128000,20.952000,0.000000,0.000000,0.800000,0.181857,0.187872,1.206340,0.341489,0.093936,0,0
1789814171.845460,0,17.941553,20.733825,-0.006014,17.941553,20.733825,19.128000,20.952000,0.000000,0.000000,0.800000,0.181857,0.187872,1.206340,0.341489,0.093936,0,0
1789814171.945385,0,17.941553,20.733825,-0.006014,17.941553,20.733825,19.128000,20.952000,0.000000,0.000000,0.800000,0.181857,0.187872,1.206340,0.341489,0.093936,0,0
1789814172.045391,0,17.941553,20.733825,-0.006014,17.941553,20.733825,19.128000,20.952000,0.000000,0.000000,0.800000,0.181857,0.187872,1.206340,0.341489,0.093936,0,0
1789814172.145434,0,17.941553,20.733825,-0.006014,17.941553,20.733825,19.128000,20.952000,0.000000,0.000000,0.800000,0.181857,0.187872,1.206340,0.341489,0.093936,0,0
1789814172.246291,0,17.941553,20.733825,-0.006014,17.941553,20.733825,19.128000,20.952000,0.000000,0.000000,0.800000,0.181857,0.187872,1.206340,0.341489,0.093936,0,0
1789814172.345454,0,17.941553,20.733825,-0.006014,17.941553,20.733825,19.128000,20.952000,0.000000,0.000000,0.800000,0.181857,0.187872,1.206340,0.341489,0.093936,0,0
1789814172.445478,0,17.941553,20.733825,-0.006014,17.941553,20.733825,19.128000,20.952000,0.000000,0.000000,0.800000,0.181857,0.187872,1.206340,0.341489,0.093936,0,0
1789814172.545492,0,17.941553,20.733825,-0.006014,17.941553,20.733825,19.128000,20.952000,0.000000,0.000000,0.800000,0.181857,0.187872,1.206340,0.341489,0.093936,0,0
1789814172.645447,0,17.941553,20.733825,-0.006014,17.941553,20.733825,19.128000,20.952000,0.000000,0.000000,0.800000,0.181857,0.187872,1.206340,0.341489,0.093936,0,0
1789814172.745468,0,17.941553,20.733825,-0.006014,17.941553,20.733825,19.128000,20.952000,0.000000,0.000000,0.800000,0.181857,0.187872,1.206340,0.341489,0.093936,0,0
1789814172.845421,0,17.941553,20.733825,-0.006014,17.941553,20.733825,19.128000,20.952000,0.000000,0.000000,0.800000,0.181857,0.187872,1.206340,0.341489,0.093936,0,0
1789814172.945476,0,17.941553,20.733825,-0.006014,17.941553,20.733825,19.128000,20.952000,0.000000,0.000000,0.800000,0.181857,0.187872,1.206340,0.341489,0.093936,0,0
1789814173.045457,0,17.941553,20.733825,-0.006014,17.941553,20.733825,19.128000,20.952000,0.000000,0.000000,0.800000,0.181857,0.187872,1.206340,0.341489,0.093936,0,0
1789814173.145480,0,17.941553,20.733825,-0.006014,17.941553,20.733825,19.128000,20.952000,0.000000,0.000000,0.800000,0.181857,0.187872,1.206340,0.341489,0.093936,0,0
1789814173.245497,0,17.941553,20.733825,-0.006014,17.941553,20.733825,19.128000,20.952000,0.000000,0.000000,0.800000,0.181857,0.187872,1.206340,0.341489,0.093936,0,0
1789814173.345450,0,17.941553,20.733825,-0.006014,17.941553,20.733825,19.128000,20.952000,0.000000,0.000000,0.800000,0.181857,0.187872,1.206340,0.341489,0.093936,0,0
1789814173.445491,0,17.941553,20.733825,-0.006014,17.941553,20.733825,19.128000,20.952000,0.000000,0.000000,0.800000,0.181857,0.187872,1.206340,0.341489,0.093936,0,0
1789814173.545454,0,17.941553,20.733825,-0.006014,17.941553,20.733825,19.128000,20.952000,0.000000,0.000000,0.800000,0.181857,0.187872,1.206340,0.341489,0.093936,0,0
1789814173.645503,0,17.941553,20.733825,-0.006014,17.941553,20.733825,19.128000,20.952000,0.000000,0.000000,0.800000,0.181857,0.187872,1.206340,0.341489,0.093936,0,0
1789814173.745481,0,17.941553,20.733825,-0.006014,17.941553,20.733825,19.128000,20.952000,0.000000,0.000000,0.800000,0.181857,0.187872,1.206340,0.341489,0.093936,0,0
1789814173.845476,0,17.941553,20.733825,-0.006014,17.941553,20.733825,19.128000,20.952000,0.000000,0.000000,0.800000,0.181857,0.187872,1.206340,0.341489,0.093936,0,0
1789814173.945533,0,17.941553,20.733825,-0.006014,17.941553,20.733825,19.128000,20.952000,0.000000,0.000000,0.800000,0.181857,0.187872,1.206340,0.341489,0.093936,0,0
1789814174.045526,0,17.941553,20.733825,-0.006014,17.941553,20.733825,19.128000,20.952000,0.000000,0.000000,0.800000,0.181857,0.187872,1.206340,0.341489,0.093936,0,0
1789814174.145543,0,17.941553,20.733825,-0.006014,17.941553,20.733825,19.128000,20.952000,0.000000,0.000000,0.800000,0.181857,0.187872,1.206340,0.341489,0.093936,0,0
1789814174.245506,0,17.941553,20.733825,-0.006014,17.941553,20.733825,19.128000,20.952000,0.000000,0.000000,0.800000,0.181857,0.187872,1.206340,0.341489,0.093936,0,0
1789814174.345503,0,17.941553,20.733825,-0.006014,17.941553,20.733825,19.128000,20.952000,0.000000,0.000000,0.800000,0.181857,0.187872,1.206340,0.341489,0.093936,0,0
1789814174.445554,0,17.941553,20.733825,-0.006014,17.941553,20.733825,19.128000,20.952000,0.000000,0.000000,0.800000,0.181857,0.187872,1.206340,0.341489,0.093936,0,0
1789814174.545671,0,17.941553,20.733825,-0.006014,17.941553,20.733825,19.128000,20.952000,0.000000,0.000000,0.800000,0.181857,0.187872,1.206340,0.341489,0.093936,0,0
1789814174.645542,0,17.941553,20.733825,-0.006014,17.941553,20.733825,19.128000,20.952000,0.000000,0.000000,0.800000,0.181857,0.187872,1.206340,0.341489,0.093936,0,0
1789814174.745550,0,17.941553,20.733825,-0.006014,17.941553,20.733825,19.128000,20.952000,0.000000,0.000000,0.800000,0.181857,0.187872,1.206340,0.000000,0.000000,1,0
1789814174.845669,0,17.941553,20.733825,-0.006014,17.941553,20.733825,19.128000,20.952000,0.000000,0.000000,0.800000,0.181857,0.187872,1.206340,0.000000,0.000000,1,0
1789814174.945577,0,17.941553,20.733825,-0.006014,17.941553,20.733825,19.128000,20.952000,0.000000,0.000000,0.800000,0.181857,0.187872,1.206340,0.000000,0.000000,1,0
1789814175.045573,0,17.941553,20.733825,-0.006014,17.941553,20.733825,19.128000,20.952000,0.000000,0.000000,0.800000,0.181857,0.187872,1.206340,0.000000,0.000000,1,0
1789814175.145559,0,17.941553,20.733825,-0.006014,17.941553,20.733825,19.128000,20.952000,0.000000,0.000000,0.800000,0.181857,0.187872,1.206340,0.000000,0.000000,1,0
1789814175.245564,0,17.941553,20.733825,-0.006014,17.941553,20.733825,19.128000,20.952000,0.000000,0.000000,0.800000,0.181857,0.187872,1.206340,0.000000,0.000000,1,0
1789814175.345592,0,17.941553,20.733825,-0.006014,17.941553,20.733825,19.128000,20.952000,0.000000,0.000000,0.800000,0.181857,0.187872,1.206340,0.000000,0.000000,1,0
1789814175.445758,0,17.941553,20.733825,-0.006014,17.941553,20.733825,19.128000,20.952000,0.000000,0.000000,0.800000,0.181857,0.187872,1.206340,0.000000,0.000000,1,0
1789814175.545574,0,17.941553,20.733825,-0.006014,17.941553,20.733825,19.128000,20.952000,0.000000,0.000000,0.800000,0.181857,0.187872,1.206340,0.000000,0.000000,1,0
1789814175.645606,0,17.941553,20.733825,-0.006014,17.941553,20.733825,19.128000,20.952000,0.000000,0.000000,0.800000,0.181857,0.187872,1.206340,0.000000,0.000000,1,0
1789814175.745641,0,17.941553,20.733825,-0.006014,17.941553,20.733825,19.128000,20.952000,0.000000,0.000000,0.800000,0.181857,0.187872,1.206340,0.000000,0.000000,1,0
1789814175.845564,0,17.941553,20.733825,-0.006014,17.941553,20.733825,19.128000,20.952000,0.000000,0.000000,0.800000,0.181857,0.187872,1.206340,0.000000,0.000000,1,0
1789814175.945599,0,17.941553,20.733825,-0.006014,17.941553,20.733825,19.128000,20.952000,0.000000,0.000000,0.800000,0.181857,0.187872,1.206340,0.000000,0.000000,1,0
1789814176.045679,0,17.941553,20.733825,-0.006014,17.941553,20.733825,19.128000,20.952000,0.000000,0.000000,0.800000,0.181857,0.187872,1.206340,0.000000,0.000000,1,0
1789814176.145955,0,17.941553,20.733825,-0.006014,17.941553,20.733825,19.128000,20.952000,0.000000,0.000000,0.800000,0.181857,0.187872,1.206340,0.000000,0.000000,1,0
1789814176.246101,0,17.941553,20.733825,-0.006014,17.941553,20.733825,19.128000,20.952000,0.000000,0.000000,0.800000,0.181857,0.187872,1.206340,0.000000,0.000000,1,0
1789814176.345669,0,17.941553,20.733825,-0.006014,17.941553,20.733825,19.128000,20.952000,0.000000,0.000000,0.800000,0.181857,0.187872,1.206340,0.000000,0.000000,1,0
1789814176.445669,0,17.941553,20.733825,-0.006014,17.941553,20.733825,19.128000,20.952000,0.000000,0.000000,0.800000,0.181857,0.187872,1.206340,0.000000,0.000000,1,0
1789814176.545647,0,17.941553,20.733825,-0.006014,17.941553,20.733825,19.128000,20.952000,0.000000,0.000000,0.800000,0.181857,0.187872,1.206340,0.000000,0.000000,1,0
1789814176.645644,0,17.941553,20.733825,-0.006014,17.941553,20.733825,19.128000,20.952000,0.000000,0.000000,0.800000,0.181857,0.187872,1.206340,0.000000,0.000000,1,0
1789814176.745662,0,17.941553,20.733825,-0.006014,17.941553,20.733825,19.128000,20.952000,0.000000,0.000000,0.800000,0.181857,0.187872,1.206340,0.000000,0.000000,1,0
1789814176.845639,0,17.941553,20.733825,-0.006014,17.941553,20.733825,19.128000,20.952000,0.000000,0.000000,0.800000,0.181857,0.187872,1.206340,0.000000,0.000000,1,0
1789814176.945704,0,17.941553,20.733825,-0.006014,17.941553,20.733825,19.128000,20.952000,0.000000,0.000000,0.800000,0.181857,0.187872,1.206340,0.000000,0.000000,1,0
1789814177.045676,0,17.941553,20.733825,-0.006014,17.941553,20.733825,19.128000,20.952000,0.000000,0.000000,0.800000,0.181857,0.187872,1.206340,0.000000,0.000000,1,0
1789814177.145661,0,17.941553,20.733825,-0.006014,17.941553,20.733825,19.128000,20.952000,0.000000,0.000000,0.800000,0.181857,0.187872,1.206340,0.000000,0.000000,1,0
1789814177.245656,0,17.941553,20.733825,-0.006014,17.941553,20.733825,19.128000,20.952000,0.000000,0.000000,0.800000,0.181857,0.187872,1.206340,0.000000,0.000000,1,0
1789814177.345677,0,17.941553,20.733825,-0.006014,17.941553,20.733825,19.128000,20.952000,0.000000,0.000000,0.800000,0.181857,0.187872,1.206340,0.000000,0.000000,1,0
1789814177.445688,0,17.941553,20.733825,-0.006014,17.941553,20.733825,19.128000,20.952000,0.000000,0.000000,0.800000,0.181857,0.187872,1.206340,0.000000,0.000000,1,0
1789814177.545645,0,17.941553,20.733825,-0.006014,17.941553,20.733825,19.128000,20.952000,0.000000,0.000000,0.800000,0.181857,0.187872,1.206340,0.000000,0.000000,1,0
1789814177.645698,0,17.941553,20.733825,-0.006014,17.941553,20.733825,19.128000,20.952000,0.000000,0.000000,0.800000,0.181857,0.187872,1.206340,0.000000,0.000000,1,0
1789814177.754315,0,17.941553,20.733825,-0.006014,17.941553,20.733825,19.128000,20.952000,0.000000,0.000000,0.800000,0.181857,0.187872,1.206340,0.000000,0.000000,1,0
1789814177.845708,0,17.941553,20.733825,-0.006014,17.941553,20.733825,19.128000,20.952000,0.000000,0.000000,0.800000,0.181857,0.187872,1.206340,0.000000,0.000000,1,0
1789814177.945717,0,17.941553,20.733825,-0.006014,17.941553,20.733825,19.128000,20.952000,0.000000,0.000000,0.800000,0.181857,0.187872,1.206340,0.000000,0.000000,1,0
1789814178.045682,0,17.941553,20.733825,-0.006014,17.941553,20.733825,19.128000,20.952000,0.000000,0.000000,0.800000,0.181857,0.187872,1.206340,0.000000,0.000000,1,0
1789814178.145726,0,17.941553,20.733825,-0.006014,17.941553,20.733825,19.128000,20.952000,0.000000,0.000000,0.800000,0.181857,0.187872,1.206340,0.000000,0.000000,1,0
1789814178.245735,0,17.941553,20.733825,-0.006014,17.941553,20.733825,19.128000,20.952000,0.000000,0.000000,0.800000,0.181857,0.187872,1.206340,0.000000,0.000000,1,0
1789814178.345735,0,17.941553,20.733825,-0.006014,17.941553,20.733825,19.128000,20.952000,0.000000,0.000000,0.800000,0.181857,0.187872,1.206340,0.000000,0.000000,1,0
1789814178.445726,0,17.941553,20.733825,-0.006014,17.941553,20.733825,19.128000,20.952000,0.000000,0.000000,0.800000,0.181857,0.187872,1.206340,0.000000,0.000000,1,0
1789814178.545769,0,17.941553,20.733825,-0.006014,17.941553,20.733825,19.128000,20.952000,0.000000,0.000000,0.800000,0.181857,0.187872,1.206340,0.000000,0.000000,1,0
1789814178.645752,0,17.941553,20.733825,-0.006014,17.941553,20.733825,19.128000,20.952000,0.000000,0.000000,0.800000,0.181857,0.187872,1.206340,0.000000,0.000000,1,0
1789814178.745759,0,17.941553,20.733825,-0.006014,17.941553,20.733825,19.128000,20.952000,0.000000,0.000000,0.800000,0.181857,0.187872,1.206340,0.000000,0.000000,1,0
1789814178.845784,0,17.941553,20.733825,-0.006014,17.941553,20.733825,19.128000,20.952000,0.000000,0.000000,0.800000,0.181857,0.187872,1.206340,0.000000,0.000000,1,0
1789814178.945740,0,17.941553,20.733825,-0.006014,17.941553,20.733825,19.128000,20.952000,0.000000,0.000000,0.800000,0.181857,0.187872,1.206340,0.000000,0.000000,1,0
1789814179.045789,0,17.941553,20.733825,-0.006014,17.941553,20.733825,19.128000,20.952000,0.000000,0.000000,0.800000,0.181857,0.187872,1.206340,0.000000,0.000000,1,0
1789814179.145840,0,17.941553,20.733825,-0.006014,17.941553,20.733825,19.128000,20.952000,0.000000,0.000000,0.800000,0.181857,0.187872,1.206340,0.000000,0.000000,1,0
1789814179.245807,0,17.941553,20.733825,-0.006014,17.941553,20.733825,19.128000,20.952000,0.000000,0.000000,0.800000,0.181857,0.187872,1.206340,0.000000,0.000000,1,0
1789814179.345793,0,17.941553,20.733825,-0.006014,17.941553,20.733825,19.128000,20.952000,0.000000,0.000000,0.800000,0.181857,0.187872,1.206340,0.000000,0.000000,1,0
1789814179.445757,0,17.941553,20.733825,-0.006014,17.941553,20.733825,19.128000,20.952000,0.000000,0.000000,0.800000,0.181857,0.187872,1.206340,0.000000,0.000000,1,0
1789814179.545778,0,17.941553,20.733825,-0.006014,17.941553,20.733825,19.128000,20.952000,0.000000,0.000000,0.800000,0.181857,0.187872,1.206340,0.000000,0.000000,1,0
1789814179.645817,0,17.941553,20.733825,-0.006014,17.941553,20.733825,19.128000,20.952000,0.000000,0.000000,0.800000,0.181857,0.187872,1.206340,0.000000,0.000000,1,0
1789814179.745815,0,17.941553,20.733825,-0.006014,17.941553,20.733825,19.128000,20.952000,0.000000,0.000000,0.800000,0.181857,0.187872,1.206340,0.000000,0.000000,1,0
1789814179.845782,0,17.941553,20.733825,-0.006014,17.941553,20.733825,19.128000,20.952000,0.000000,0.000000,0.800000,0.181857,0.187872,1.206340,0.000000,0.000000,1,0
1789814179.945818,0,17.941553,20.733825,-0.006014,17.941553,20.733825,19.128000,20.952000,0.000000,0.000000,0.800000,0.181857,0.187872,1.206340,0.000000,0.000000,1,0
1789814180.047324,0,17.941553,20.733825,-0.006014,17.941553,20.733825,19.128000,20.952000,0.000000,0.000000,0.800000,0.181857,0.187872,1.206340,0.000000,0.000000,1,0
1789814180.145871,0,17.941553,20.733825,-0.006014,17.941553,20.733825,19.128000,20.952000,0.000000,0.000000,0.800000,0.181857,0.187872,1.206340,0.000000,0.000000,1,0
1789814180.245798,0,17.941553,20.733825,-0.006014,17.941553,20.733825,19.128000,20.952000,0.000000,0.000000,0.800000,0.181857,0.187872,1.206340,0.000000,0.000000,1,0
1789814180.345845,0,17.941553,20.733825,-0.006014,17.941553,20.733825,19.128000,20.952000,0.000000,0.000000,0.800000,0.181857,0.187872,1.206340,0.000000,0.000000,1,0
1789814180.445802,0,17.941553,20.733825,-0.006014,17.941553,20.733825,19.128000,20.952000,0.000000,0.000000,0.800000,0.181857,0.187872,1.206340,0.000000,0.000000,1,0
1789814180.545808,0,17.941553,20.733825,-0.006014,17.941553,20.733825,19.128000,20.952000,0.000000,0.000000,0.800000,0.181857,0.187872,1.206340,0.000000,0.000000,1,0
1789814180.645913,0,17.941553,20.733825,-0.006014,17.941553,20.733825,19.128000,20.952000,0.000000,0.000000,0.800000,0.181857,0.187872,1.206340,0.000000,0.000000,1,0
1789814180.745883,0,17.941553,20.733825,-0.006014,17.941553,20.733825,19.128000,20.952000,0.000000,0.000000,0.800000,0.181857,0.187872,1.206340,0.000000,0.000000,1,0
1789814180.845814,0,17.941553,20.733825,-0.006014,17.941553,20.733825,19.128000,20.952000,0.000000,0.000000,0.800000,0.181857,0.187872,1.206340,0.000000,0.000000,1,0
1789814180.946375,0,17.941553,20.733825,-0.006014,17.941553,20.733825,19.128000,20.952000,0.000000,0.000000,0.800000,0.181857,0.187872,1.206340,0.000000,0.000000,1,0
1789814181.045868,0,17.941553,20.733825,-0.006014,17.941553,20.733825,19.128000,20.952000,0.000000,0.000000,0.800000,0.181857,0.187872,1.206340,0.000000,0.000000,1,0
1789814181.145847,0,17.941553,20.733825,-0.006014,17.941553,20.733825,19.128000,20.952000,0.000000,0.000000,0.800000,0.181857,0.187872,1.206340,0.000000,0.000000,1,0
1789814181.245873,0,17.941553,20.733825,-0.006014,17.941553,20.733825,19.128000,20.952000,0.000000,0.000000,0.800000,0.181857,0.187872,1.206340,0.000000,0.000000,1,0
1789814181.345934,0,17.941553,20.733825,-0.006014,17.941553,20.733825,19.128000,20.952000,0.000000,0.000000,0.800000,0.181857,0.187872,1.206340,0.000000,0.000000,1,0
1789814181.445923,0,17.941553,20.733825,-0.006014,17.941553,20.733825,19.128000,20.952000,0.000000,0.000000,0.800000,0.181857,0.187872,1.206340,0.000000,0.000000,1,0
1789814181.545892,0,17.941553,20.733825,-0.006014,17.941553,20.733825,19.128000,20.952000,0.000000,0.000000,0.800000,0.181857,0.187872,1.206340,0.000000,0.000000,1,0
1789814181.645950,0,17.941553,20.733825,-0.006014,17.941553,20.733825,19.128000,20.952000,0.000000,0.000000,0.800000,0.181857,0.187872,1.206340,0.000000,0.000000,1,0
1789814181.747840,0,17.941553,20.733825,-0.006014,17.941553,20.733825,19.128000,20.952000,0.000000,0.000000,0.800000,0.181857,0.187872,1.206340,0.000000,0.000000,1,0
1789814181.845923,0,17.941553,20.733825,-0.006014,17.941553,20.733825,19.128000,20.952000,0.000000,0.000000,0.800000,0.181857,0.187872,1.206340,0.000000,0.000000,1,0
1789814181.945927,0,17.941553,20.733825,-0.006014,17.941553,20.733825,19.128000,20.952000,0.000000,0.000000,0.800000,0.181857,0.187872,1.206340,0.000000,0.000000,1,0
1789814182.045898,0,17.941553,20.733825,-0.006014,17.941553,20.733825,19.128000,20.952000,0.000000,0.000000,0.800000,0.181857,0.187872,1.206340,0.000000,0.000000,1,0
1789814182.145945,0,17.941553,20.733825,-0.006014,17.941553,20.733825,19.128000,20.952000,0.000000,0.000000,0.800000,0.181857,0.187872,1.206340,0.000000,0.000000,1,0
1789814182.245917,0,17.941553,20.733825,-0.006014,17.941553,20.733825,19.128000,20.952000,0.000000,0.000000,0.800000,0.181857,0.187872,1.206340,0.000000,0.000000,1,0
1789814182.345918,0,17.941553,20.733825,-0.006014,17.941553,20.733825,19.128000,20.952000,0.000000,0.000000,0.800000,0.181857,0.187872,1.206340,0.000000,0.000000,1,0
1789814182.445879,0,17.941553,20.733825,-0.006014,17.941553,20.733825,19.128000,20.952000,0.000000,0.000000,0.800000,0.181857,0.187872,1.206340,0.000000,0.000000,1,0
1789814182.545929,0,17.941553,20.733825,-0.006014,17.941553,20.733825,19.128000,20.952000,0.000000,0.000000,0.800000,0.181857,0.187872,1.206340,0.000000,0.000000,1,0
1789814182.645947,0,17.941553,20.733825,-0.006014,17.941553,20.733825,19.128000,20.952000,0.000000,0.000000,0.800000,0.181857,0.187872,1.206340,0.000000,0.000000,1,0
1789814182.745946,0,17.941553,20.733825,-0.006014,17.941553,20.733825,19.128000,20.952000,0.000000,0.000000,0.800000,0.181857,0.187872,1.206340,0.000000,0.000000,1,0
1789814182.846041,0,17.941553,20.733825,-0.006014,17.941553,20.733825,19.128000,20.952000,0.000000,0.000000,0.800000,0.181857,0.187872,1.206340,0.000000,0.000000,1,0
1789814182.946728,0,17.941553,20.733825,-0.006014,17.941553,20.733825,19.128000,20.952000,0.000000,0.000000,0.800000,0.181857,0.187872,1.206340,0.000000,0.000000,1,0
